name,smiles,inchikey,connectivity
(+)-PULEGONE,C[C@@H]1CCC(=C(C)C)C(=O)C1,NZGWDASTMWDZIW-MRVPVSSYSA-N,NZGWDASTMWDZIW
(R)-BICALUTAMIDE,C[C@](CS(=O)(=O)C1=CC=C(C=C1)F)(C(=O)NC2=CC(=C(C=C2)C#N)C(F)(F)F)O,LKJPYSCBVHEWIU-KRWDZBQOSA-N,LKJPYSCBVHEWIU
"1,1-DICHLOROETHENE",C=C(Cl)Cl,LGXVIGDEPROXKC-UHFFFAOYSA-N,LGXVIGDEPROXKC
"1,2,3-TRICHLOROPROPANE",C(C(CCl)Cl)Cl,CFXQEHVMCRXUSD-UHFFFAOYSA-N,CFXQEHVMCRXUSD
"1,4-DICHLOROBENZENE",C1=CC(=CC=C1Cl)Cl,OCJBOOLMMGQPQU-UHFFFAOYSA-N,OCJBOOLMMGQPQU
1-NAPHTHYL ISOTHIOCYANATE,C1=CC=C2C(=C1)C=CC=C2N=C=S,JBDOSUUXMYMWQH-UHFFFAOYSA-N,JBDOSUUXMYMWQH
17-METHYLTESTOSTERONE,C[C@]12CCC(=O)C=C1CC[C@@H]3[C@@H]2CC[C@]4([C@H]3CC[C@]4(C)O)C,GCKMFJBGXUYNAG-HLXURNFRSA-N,GCKMFJBGXUYNAG
"2''-BETA-FLUORO-2'',3''-DEOXYADENOSINE",C1=NC(=C2C(=N1)N(C=N2)[C@H]3[C@@H]([C@@H]([C@H](O3)CO)O)F)N,ZGYYPTJWJBEXBC-QYYRPYCUSA-N,ZGYYPTJWJBEXBC
"2,3,7,8-TETRACHLORODIBENZO-P-DIOXIN",C1=C2C(=CC(=C1Cl)Cl)OC3=CC(=C(C=C3O2)Cl)Cl,HGUFODBRKLSHSI-UHFFFAOYSA-N,HGUFODBRKLSHSI
"2,4-DIAMINOPHENOL",C1=CC(=C(C=C1N)N)O,XIWMTQIUUWJNRP-UHFFFAOYSA-N,XIWMTQIUUWJNRP
2-ACETYLAMINOFLUORENE,CC(=O)NC1=CC2=C(C=C1)C3=CC=CC=C3C2,CZIHNRWJTSTCEX-UHFFFAOYSA-N,CZIHNRWJTSTCEX
2-AMINO-4-NITROPHENOL,C1=CC(=C(C=C1[N+](=O)[O-])N)O,VLZVIIYRNMWPSN-UHFFFAOYSA-N,VLZVIIYRNMWPSN
2-NITROANISOLE,COC1=CC=CC=C1[N+](=O)[O-],CFBYEGUGFPZCNF-UHFFFAOYSA-N,CFBYEGUGFPZCNF
"3,3'',4'',5-TETRACHLOROSALICYLANILIDE",C1=CC(=C(C=C1NC(=O)C2=C(C(=CC(=C2)Cl)Cl)O)Cl)Cl,SJQBHPJLLIJASD-UHFFFAOYSA-N,SJQBHPJLLIJASD
"3,3'',5-TRIIODO-L-THYRONINE",C1=CC(=C(C=C1OC2=C(C=C(C=C2I)C[C@@H](C(=O)O)N)I)I)O,AUYYCJSJGJYCDS-LBPRGKRZSA-N,AUYYCJSJGJYCDS
3-ACETAMIDOPHENOL,CC(=O)NC1=CC(=CC=C1)O,QLNWXBAGRTUKKI-UHFFFAOYSA-N,QLNWXBAGRTUKKI
3-CHLOROANILINE,C1=CC(=CC(=C1)Cl)N,PNPCRKVUWYDDST-UHFFFAOYSA-N,PNPCRKVUWYDDST
3-METHYLCHOLANTHRENE,CC1=C2CCC3=C2C(=CC4=C3C=CC5=CC=CC=C54)C=C1,PPQNQXQZIWHJRB-UHFFFAOYSA-N,PPQNQXQZIWHJRB
"4,4''-METHYLENEDIANILINE",C1=CC(=CC=C1CC2=CC=C(C=C2)N)N,YBRVSVVVWCFQMG-UHFFFAOYSA-N,YBRVSVVVWCFQMG
4-CHLORO-2-NITROANILINE,C1=CC(=C(C=C1Cl)[N+](=O)[O-])N,PBGKNXWGYQPUJK-UHFFFAOYSA-N,PBGKNXWGYQPUJK
4-CHLOROANILINE,C1=CC(=CC=C1N)Cl,QSNSCYSYFYORTR-UHFFFAOYSA-N,QSNSCYSYFYORTR
4-METHYLPYRAZOLE,CC1=CNN=C1,RIKMMFOAQPJVMX-UHFFFAOYSA-N,RIKMMFOAQPJVMX
4-NITROBENZOIC ACID,C1=CC(=CC=C1C(=O)O)[N+](=O)[O-],OTLNPYWUJOZPPA-UHFFFAOYSA-N,OTLNPYWUJOZPPA
4-NITROTOLUENE,CC1=CC=C(C=C1)[N+](=O)[O-],ZPTVNYMJQHSSEA-UHFFFAOYSA-N,ZPTVNYMJQHSSEA
4-NONYLPHENOL,CCCCCCCCCC1=CC=C(C=C1)O,IGFHQQFPSIBGKE-UHFFFAOYSA-N,IGFHQQFPSIBGKE
4-OCTYLPHENOL,CCCCCCCCC1=CC=C(C=C1)O,NTDQQZYCCIDJRK-UHFFFAOYSA-N,NTDQQZYCCIDJRK
5-FLUORO-2'-DEOXYURIDINE,C1C(C(OC1N2C=C(C(=O)NC2=O)F)CO)O,ODKNJVUHOIMIIZ-UHFFFAOYSA-N,ODKNJVUHOIMIIZ
6-MERCAPTOPURINE,C1=NC2=C(N1)C(=S)N=CN2,GLVAUDGFNGKCSF-UHFFFAOYSA-N,GLVAUDGFNGKCSF
6-METHOXY-2-NAPHTHYLACETIC ACID,COC1=CC2=C(C=C1)C=C(C=C2)CC(=O)O,PHJFLPMVEFKEPL-UHFFFAOYSA-N,PHJFLPMVEFKEPL
ABAMECTIN,CC[C@H](C)[C@@H]1[C@H](C=C[C@@]2(O1)C[C@@H]3C[C@H](O2)C/C=C(/[C@H]([C@H](/C=C/C=C/4\CO[C@H]5[C@@]4([C@@H](C=C([C@H]5O)C)C(=O)O3)O)C)O[C@H]6C[C@@H]([C@H]([C@@H](O6)C)O[C@H]7C[C@@H]([C@H]([C@@H](O7)C)O)OC)OC)\C)C.C[C@H]1/C=C/C=C/2\CO[C@H]3[C@@]2([C@@H](C=C([C@H]3O)C)C(=O)O[C@H]4C[C@@H](C/C=C(/[C@H]1O[C@H]5C[C@@H]([C@H]([C@@H](O5)C)O[C@H]6C[C@@H]([C@H]([C@@H](O6)C)O)OC)OC)\C)O[C@]7(C4)C=C[C@@H]([C@H](O7)C(C)C)C)O,RRZXIRBKKLTSOM-XPNPUAGNSA-N,RRZXIRBKKLTSOM
ACARBOSE,C[C@@H]1[C@H]([C@@H]([C@H]([C@H](O1)O[C@@H]2[C@H](O[C@@H]([C@@H]([C@H]2O)O)O[C@H]([C@@H](CO)O)[C@@H]([C@H](C=O)O)O)CO)O)O)N[C@H]3C=C([C@H]([C@@H]([C@H]3O)O)O)CO,CEMXHAPUFJOOSV-XGWNLRGSSA-N,CEMXHAPUFJOOSV
ACECLOFENAC,C1=CC=C(C(=C1)CC(=O)OCC(=O)O)NC2=C(C=CC=C2Cl)Cl,MNIPYSSQXLZQLJ-UHFFFAOYSA-N,MNIPYSSQXLZQLJ
ACEMETACIN,CC1=C(C2=C(N1C(=O)C3=CC=C(C=C3)Cl)C=CC(=C2)OC)CC(=O)OCC(=O)O,FSQKKOOTNAMONP-UHFFFAOYSA-N,FSQKKOOTNAMONP
ACETAMINOPHEN,CC(=O)NC1=CC=C(C=C1)O,RZVAJINKPMORJF-UHFFFAOYSA-N,RZVAJINKPMORJF
ACETAZOLAMIDE,CC(=O)NC1=NN=C(S1)S(=O)(=O)N,BZKPWHYZMXOIDC-UHFFFAOYSA-N,BZKPWHYZMXOIDC
ACETONE,CC(=O)C,CSCPPACGZOOCGX-UHFFFAOYSA-N,CSCPPACGZOOCGX
ACONITINE,CCN1C[C@@]2([C@@H](C[C@@H]([C@@]34[C@@H]2[C@H]([C@@H](C31)[C@@]5([C@@H]6[C@H]4C[C@@]([C@@H]6OC(=O)C7=CC=CC=C7)([C@H]([C@@H]5O)OC)O)OC(=O)C)OC)OC)O)COC,XFSBVAOIAHNAPC-XTHSEXKGSA-N,XFSBVAOIAHNAPC
ACROLEIN,C=CC=O,HGINCPLSRVDWNT-UHFFFAOYSA-N,HGINCPLSRVDWNT
ACYCLOVIR,C1=NC2=C(N1COCCO)N=C(NC2=O)N,MKUXAQIIEYXACX-UHFFFAOYSA-N,MKUXAQIIEYXACX
AFLATOXIN B1,COC1=C2C3=C(C(=O)CC3)C(=O)OC2=C4[C@@H]5C=CO[C@@H]5OC4=C1,OQIQSTLJSLGHID-WNWIJWBNSA-N,OQIQSTLJSLGHID
ALBENDAZOLE,CCCSC1=CC2=C(C=C1)N=C(N2)NC(=O)OC,HXHWSAZORRCQMX-UHFFFAOYSA-N,HXHWSAZORRCQMX
ALDOSTERONE,C[C@]12CCC(=O)C=C1CC[C@@H]3[C@@H]2[C@H](C[C@]4([C@H]3CC[C@@H]4C(=O)CO)C=O)O,PQSUYGKTWSAVDQ-ZVIOFETBSA-N,PQSUYGKTWSAVDQ
ALENDRONIC ACID,C(CC(O)(P(=O)(O)O)P(=O)(O)O)CN,OGSPWJRAVKPPFI-UHFFFAOYSA-N,OGSPWJRAVKPPFI
ALFACALCIDOL,C[C@H](CCCC(C)C)[C@H]1CC[C@@H]\2[C@@]1(CCC/C2=C\C=C/3\C[C@H](C[C@@H](C3=C)O)O)C,OFHCOWSQAMBJIW-AVJTYSNKSA-N,OFHCOWSQAMBJIW
ALLOPURINOL,C1=NNC2=C1C(=O)NC=N2,OFCNXPDARWKPPY-UHFFFAOYSA-N,OFCNXPDARWKPPY
ALLYL ALCOHOL,C=CCO,XXROGKLTLUQVRX-UHFFFAOYSA-N,XXROGKLTLUQVRX
ALLYLAMINE,C=CCN,VVJKKWFAADXIJK-UHFFFAOYSA-N,VVJKKWFAADXIJK
ALPHA-NAPHTHOFLAVONE,C1=CC=C(C=C1)C2=CC(=O)C3=C(O2)C4=CC=CC=C4C=C3,VFMMPHCGEFXGIP-UHFFFAOYSA-N,VFMMPHCGEFXGIP
ALPRAZOLAM,CC1=NN=C2N1C3=C(C=C(C=C3)Cl)C(=NC2)C4=CC=CC=C4,VREFGVBLTWBCJP-UHFFFAOYSA-N,VREFGVBLTWBCJP
ALTRETAMINE,CN(C)C1=NC(=NC(=N1)N(C)C)N(C)C,UUVWYPNAQBNQJQ-UHFFFAOYSA-N,UUVWYPNAQBNQJQ
AMANTADINE,C1C2CC3CC1CC(C2)(C3)N,DKNWSYNQZKUICI-UHFFFAOYSA-N,DKNWSYNQZKUICI
AMIKACIN,C1[C@@H]([C@H]([C@@H]([C@H]([C@@H]1NC(=O)[C@H](CCN)O)O[C@@H]2[C@@H]([C@H]([C@@H]([C@H](O2)CO)O)N)O)O)O[C@@H]3[C@@H]([C@H]([C@@H]([C@H](O3)CN)O)O)O)N,LKCWBDHBTVXHDL-RMDFUYIESA-N,LKCWBDHBTVXHDL
AMILORIDE,C1(=C(N=C(C(=N1)Cl)N)N)C(=O)N=C(N)N,XSDQTOBWRPYKKA-UHFFFAOYSA-N,XSDQTOBWRPYKKA
AMINOCAPROIC ACID,C(CCC(=O)O)CCN,SLXKOJJOQWFEFD-UHFFFAOYSA-N,SLXKOJJOQWFEFD
AMINOGLUTETHIMIDE,CCC1(CCC(=O)NC1=O)C2=CC=C(C=C2)N,ROBVIMPUHSLWNV-UHFFFAOYSA-N,ROBVIMPUHSLWNV
AMINOSALICYLIC ACID,C1=CC(=C(C=C1N)O)C(=O)O,WUBBRNOQWQTFEX-UHFFFAOYSA-N,WUBBRNOQWQTFEX
AMIODARONE,CCCCC1=C(C2=CC=CC=C2O1)C(=O)C3=CC(=C(C(=C3)I)OCCN(CC)CC)I,IYIKLHRQXLHMJQ-UHFFFAOYSA-N,IYIKLHRQXLHMJQ
AMITRAZ,CC1=CC(=C(C=C1)N=CN(C)C=NC2=C(C=C(C=C2)C)C)C,QXAITBQSYVNQDR-UHFFFAOYSA-N,QXAITBQSYVNQDR
AMITRIPTYLINE,CN(C)CCC=C1C2=CC=CC=C2CCC3=CC=CC=C31,KRMDCWKBEZIMAB-UHFFFAOYSA-N,KRMDCWKBEZIMAB
AMLODIPINE,CCOC(=O)C1=C(NC(=C(C1C2=CC=CC=C2Cl)C(=O)OC)C)COCCN,HTIQEAQVCYTUBX-UHFFFAOYSA-N,HTIQEAQVCYTUBX
AMOXAPINE,C1CN(CCN1)C2=NC3=CC=CC=C3OC4=C2C=C(C=C4)Cl,QWGDMFLQWFTERH-UHFFFAOYSA-N,QWGDMFLQWFTERH
AMOXICILLIN,CC1([C@@H](N2[C@H](S1)[C@@H](C2=O)NC(=O)[C@@H](C3=CC=C(C=C3)O)N)C(=O)O)C,LSQZJLSUYDQPKJ-NJBDSQKTSA-N,LSQZJLSUYDQPKJ
AMPICILLIN,CC1([C@@H](N2[C@H](S1)[C@@H](C2=O)NC(=O)[C@@H](C3=CC=CC=C3)N)C(=O)O)C,AVKUERGKIZMTKX-NJBDSQKTSA-N,AVKUERGKIZMTKX
AMPIROXICAM,CCOC(=O)OC(C)OC1=C(N(S(=O)(=O)C2=CC=CC=C21)C)C(=O)NC3=CC=CC=N3,LSNWBKACGXCGAJ-UHFFFAOYSA-N,LSNWBKACGXCGAJ
AMPRENAVIR,CC(C)CN(C[C@H]([C@H](CC1=CC=CC=C1)NC(=O)O[C@H]2CCOC2)O)S(=O)(=O)C3=CC=C(C=C3)N,YMARZQAQMVYCKC-OEMFJLHTSA-N,YMARZQAQMVYCKC
ANASTROZOLE,CC(C)(C#N)C1=CC(=CC(=C1)CN2C=NC=N2)C(C)(C)C#N,YBBLVLTVTVSKRW-UHFFFAOYSA-N,YBBLVLTVTVSKRW
ANGIOTENSIN II HUMAN,CC[C@H](C)[C@@H](C(=O)N[C@@H](CC1=CN=CN1)C(=O)N2CCC[C@H]2C(=O)N[C@@H](CC3=CC=CC=C3)C(=O)O)NC(=O)[C@H](CC4=CC=C(C=C4)O)NC(=O)[C@H](C(C)C)NC(=O)[C@H](CCCN=C(N)N)NC(=O)[C@H](CC(=O)O)N,CZGUSIXMZVURDU-JZXHSEFVSA-N,CZGUSIXMZVURDU
ANISINDIONE,COC1=CC=C(C=C1)C2C(=O)C3=CC=CC=C3C2=O,XRCFXMGQEVUZFC-UHFFFAOYSA-N,XRCFXMGQEVUZFC
ANTIPYRINE,CC1=CC(=O)N(N1C)C2=CC=CC=C2,VEQOALNAAJBPNY-UHFFFAOYSA-N,VEQOALNAAJBPNY
ARTEMETHER,C[C@@H]1CC[C@H]2[C@H]([C@H](O[C@H]3[C@@]24[C@H]1CC[C@](O3)(OO4)C)OC)C,SXYIRMFQILZOAM-HVNFFKDJSA-N,SXYIRMFQILZOAM
ARTEMISININ,C[C@@H]1CC[C@H]2[C@H](C(=O)O[C@H]3[C@@]24[C@H]1CC[C@](O3)(OO4)C)C,BLUAFEHZUWYNDE-NNWCWBAJSA-N,BLUAFEHZUWYNDE
ASCORBIC ACID,C([C@@H]([C@@H]1C(=C(C(=O)O1)O)O)O)O,CIWBSHSKHKDKBQ-JLAZNSOCSA-N,CIWBSHSKHKDKBQ
ASPIRIN,CC(=O)OC1=CC=CC=C1C(=O)O,BSYNRYMUTXBXSQ-UHFFFAOYSA-N,BSYNRYMUTXBXSQ
ATENOLOL,CC(C)NCC(COC1=CC=C(C=C1)CC(=O)N)O,METKIMKYRPQLGS-UHFFFAOYSA-N,METKIMKYRPQLGS
ATORVASTATIN,CC(C)C1=C(C(=C(N1CC[C@H](C[C@H](CC(=O)O)O)O)C2=CC=C(C=C2)F)C3=CC=CC=C3)C(=O)NC4=CC=CC=C4,XUKUURHRXDUEBC-KAYWLYCHSA-N,XUKUURHRXDUEBC
ATROPINE,CN1[C@@H]2CC[C@H]1CC(C2)OC(=O)C(CO)C3=CC=CC=C3,RKUNBYITZUJHSG-PJPHBNEVSA-N,RKUNBYITZUJHSG
AURANOFIN,CCP(CC)CC.CC(=O)OC[C@@H]1[C@H]([C@@H]([C@H]([C@@H](O1)[S-])OC(=O)C)OC(=O)C)OC(=O)C.[Au+],SFOZKJGZNOBSHF-RGDJUOJXSA-N,SFOZKJGZNOBSHF
AZARIBINE,CC(=O)OC[C@@H]1[C@H]([C@H]([C@@H](O1)N2C(=O)NC(=O)C=N2)OC(=O)C)OC(=O)C,QQOBRRFOVWGIMD-OJAKKHQRSA-N,QQOBRRFOVWGIMD
AZASETRON,CN1C(=O)COC2=C(C=C(C=C21)Cl)C(=O)NC3CN4CCC3CC4,WUKZPHOXUVCQOR-UHFFFAOYSA-N,WUKZPHOXUVCQOR
AZATHIOPRINE,CN1C=NC(=C1SC2=NC=NC3=C2NC=N3)[N+](=O)[O-],LMEKQMALGUDUQG-UHFFFAOYSA-N,LMEKQMALGUDUQG
AZAURIDINE,C1=NN(C(=O)NC1=O)[C@H]2[C@@H]([C@@H]([C@H](O2)CO)O)O,WYXSYVWAUAUWLD-SHUUEZRQSA-N,WYXSYVWAUAUWLD
AZITHROMYCIN,CC[C@@H]1[C@@]([C@@H]([C@H](N(C[C@@H](C[C@@]([C@@H]([C@H]([C@@H]([C@H](C(=O)O1)C)O[C@H]2C[C@@]([C@H]([C@@H](O2)C)O)(C)OC)C)O[C@H]3[C@@H]([C@H](C[C@H](O3)C)N(C)C)O)(C)O)C)C)C)O)(C)O,MQTOSJVFKKJCRP-BICOPXKESA-N,MQTOSJVFKKJCRP
AZLOCILLIN,CC1([C@@H](N2[C@H](S1)[C@@H](C2=O)NC(=O)[C@@H](C3=CC=CC=C3)NC(=O)N4CCNC4=O)C(=O)O)C,JTWOMNBEOCYFNV-NFFDBFGFSA-N,JTWOMNBEOCYFNV
AZTREONAM,C[C@H]1[C@@H](C(=O)N1S(=O)(=O)O)NC(=O)/C(=N\OC(C)(C)C(=O)O)/C2=CSC(=N2)N,WZPBZJONDBGPKJ-VEHQQRBSSA-N,WZPBZJONDBGPKJ
BACITRACIN,CC[C@H](C)[C@H]1C(=O)N[C@@H](C(=O)N[C@H](C(=O)N[C@@H](C(=O)N[C@H](C(=O)NCCCC[C@@H](C(=O)N[C@@H](C(=O)N1)CCCN)NC(=O)[C@H]([C@@H](C)CC)NC(=O)[C@@H](CCC(=O)O)NC(=O)[C@H](CC(C)C)NC(=O)[C@@H]2CSC(=N2)[C@H]([C@@H](C)CC)N)CC(=O)N)CC(=O)O)CC3=CN=CN3)CC4=CC=CC=C4,CLKOFPXJLQSYAH-ABRJDSQDSA-N,CLKOFPXJLQSYAH
BACLOFEN,C1=CC(=CC=C1C(CC(=O)O)CN)Cl,KPYSYYIEGFHWSV-UHFFFAOYSA-N,KPYSYYIEGFHWSV
BALSALAZIDE,C1=CC(=CC=C1C(=O)NCCC(=O)O)N=NC2=CC(=C(C=C2)O)C(=O)O,IPOKCKJONYRRHP-UHFFFAOYSA-N,IPOKCKJONYRRHP
BENAZEPRIL,CCOC(=O)[C@H](CCC1=CC=CC=C1)N[C@H]2CCC3=CC=CC=C3N(C2=O)CC(=O)O,XPCFTKFZXHTYIP-PMACEKPBSA-N,XPCFTKFZXHTYIP
BENOXAPROFEN,CC(C1=CC2=C(C=C1)OC(=N2)C3=CC=C(C=C3)Cl)C(=O)O,MITFXPHMIHQXPI-UHFFFAOYSA-N,MITFXPHMIHQXPI
BENZETHONIUM CHLORIDE,CC(C)(C)CC(C)(C)C1=CC=C(C=C1)OCCOCC[N+](C)(C)CC2=CC=CC=C2.[Cl-],SIYLLGKDQZGJHK-UHFFFAOYSA-N,SIYLLGKDQZGJHK
BENZOCAINE,CCOC(=O)C1=CC=C(C=C1)N,BLFLLBZGZJTVJG-UHFFFAOYSA-N,BLFLLBZGZJTVJG
BENZOIC ACID,C1=CC=C(C=C1)C(=O)O,WPYMKLBDIGXBTP-UHFFFAOYSA-N,WPYMKLBDIGXBTP
BENZOTHIAZYL DISULFIDE,C1=CC=C2C(=C1)N=C(S2)SSC3=NC4=CC=CC=C4S3,AFZSMODLJJCVPP-UHFFFAOYSA-N,AFZSMODLJJCVPP
BENZYL ACETATE,CC(=O)OCC1=CC=CC=C1,QUKGYYKBILRGFE-UHFFFAOYSA-N,QUKGYYKBILRGFE
BETA-ESTRADIOL,C[C@]12CC[C@H]3[C@H]([C@@H]1CC[C@@H]2O)CCC4=C3C=CC(=C4)O,VOXZDWNPVJITMN-ZBRFXRBCSA-N,VOXZDWNPVJITMN
BETA-ESTRADIOL 3-BENZOATE,C[C@]12CC[C@H]3[C@H]([C@@H]1CC[C@@H]2O)CCC4=C3C=CC(=C4)OC(=O)C5=CC=CC=C5,UYIFTLBWAOGQBI-BZDYCCQFSA-N,UYIFTLBWAOGQBI
BETA-NAPHTHOFLAVONE,C1=CC=C(C=C1)C2=CC(=O)C3=C(O2)C=CC4=CC=CC=C43,OUGIDAPQYNCXRA-UHFFFAOYSA-N,OUGIDAPQYNCXRA
BETAHISTINE,CNCCC1=CC=CC=N1,UUQMNUMQCIQDMZ-UHFFFAOYSA-N,UUQMNUMQCIQDMZ
BETAMETHASONE,C[C@H]1C[C@H]2[C@@H]3CCC4=CC(=O)C=C[C@@]4([C@]3([C@H](C[C@@]2([C@]1(C(=O)CO)O)C)O)F)C,UREBDLICKHMUKA-DVTGEIKXSA-N,UREBDLICKHMUKA
BEZAFIBRATE,CC(C)(C(=O)O)OC1=CC=C(C=C1)CCNC(=O)C2=CC=C(C=C2)Cl,IIBYAHWJQTYFKB-UHFFFAOYSA-N,IIBYAHWJQTYFKB
BIS(2-ETHYLHEXYL)PHTHALATE,CCCCC(CC)COC(=O)C1=CC=CC=C1C(=O)OCC(CC)CCCC,BJQHLKABXJIVAM-UHFFFAOYSA-N,BJQHLKABXJIVAM
BISACODYL,CC(=O)OC1=CC=C(C=C1)C(C2=CC=C(C=C2)OC(=O)C)C3=CC=CC=N3,KHOITXIGCFIULA-UHFFFAOYSA-N,KHOITXIGCFIULA
BISPHENOL A,CC(C)(C1=CC=C(C=C1)O)C2=CC=C(C=C2)O,IISBACLAFKSPIT-UHFFFAOYSA-N,IISBACLAFKSPIT
BITHIONOL,C1=C(C=C(C(=C1SC2=C(C(=CC(=C2)Cl)Cl)O)O)Cl)Cl,JFIOVJDNOJYLKP-UHFFFAOYSA-N,JFIOVJDNOJYLKP
BLEOMYCIN A2,CC1=C(N=C(N=C1N)[C@H](CC(=O)N)NC[C@@H](C(=O)N)N)C(=O)N[C@@H]([C@H](C2=CN=CN2)O[C@H]3[C@H]([C@H]([C@@H]([C@@H](O3)CO)O)O)O[C@@H]4[C@H]([C@H]([C@@H]([C@H](O4)CO)O)OC(=O)N)O)C(=O)N[C@H](C)[C@H]([C@H](C)C(=O)N[C@@H]([C@@H](C)O)C(=O)NCCC5=NC(=CS5)C6=NC(=CS6)C(=O)NCCC[S+](C)C)O,OYVAGSVQBOHSSS-UAPAGMARSA-O,OYVAGSVQBOHSSS
BROMFENAC,C1=CC(=C(C(=C1)C(=O)C2=CC=C(C=C2)Br)N)CC(=O)O,ZBPLOVFIXSTCRZ-UHFFFAOYSA-N,ZBPLOVFIXSTCRZ
BROMHEXINE,CN(CC1=C(C(=CC(=C1)Br)Br)N)C2CCCCC2,OJGDCBLYJGHCIH-UHFFFAOYSA-N,OJGDCBLYJGHCIH
BROMISOVALUM,CC(C)C(C(=O)NC(=O)N)Br,CMCCHHWTTBEZNM-UHFFFAOYSA-N,CMCCHHWTTBEZNM
BROMOBENZENE,C1=CC=C(C=C1)Br,QARVLSVVCXYDNA-UHFFFAOYSA-N,QARVLSVVCXYDNA
BROMODICHLOROMETHANE,C(Cl)(Cl)Br,FMWLUWPQPKEARP-UHFFFAOYSA-N,FMWLUWPQPKEARP
BUFLOMEDIL,COC1=CC(=C(C(=C1)OC)C(=O)CCCN2CCCC2)OC,OWYLAEYXIQKAOL-UHFFFAOYSA-N,OWYLAEYXIQKAOL
BUPROPION,CC(C(=O)C1=CC(=CC=C1)Cl)NC(C)(C)C,SNPPWIUOZRMYNY-UHFFFAOYSA-N,SNPPWIUOZRMYNY
BUSPIRONE,C1CCC2(C1)CC(=O)N(C(=O)C2)CCCCN3CCN(CC3)C4=NC=CC=N4,QWCRAEMEVRGPNT-UHFFFAOYSA-N,QWCRAEMEVRGPNT
BUSULFAN,CS(=O)(=O)OCCCCOS(=O)(=O)C,COVZYZSDYWQREU-UHFFFAOYSA-N,COVZYZSDYWQREU
BUTENAFINE,CC(C)(C)C1=CC=C(C=C1)CN(C)CC2=CC=CC3=CC=CC=C32,ABJKWBDEJIDSJZ-UHFFFAOYSA-N,ABJKWBDEJIDSJZ
BW-723C86,CC(CC1=CNC2=C1C=C(C=C2)OCC3=CC=CS3)N.Cl,ALFGDCNSEBJYSP-UHFFFAOYSA-N,ALFGDCNSEBJYSP
CADMIUM ACETATE,CC(=O)[O-].CC(=O)[O-].[Cd+2],QTBSBXVTEAMEQO-UHFFFAOYSA-N,QTBSBXVTEAMEQO
CADMIUM CHLORIDE,Cl[Cd]Cl,WLZRMCYVCSSEQC-UHFFFAOYSA-N,WLZRMCYVCSSEQC
CAFFEINE,CN1C=NC2=C1C(=O)N(C(=O)N2C)C,RYYVLZVUVIJVGH-UHFFFAOYSA-N,RYYVLZVUVIJVGH
CALCITRIOL,C[C@H](CCCC(C)(C)O)[C@H]1CC[C@@H]\2[C@@]1(CCC/C2=C\C=C/3\C[C@H](C[C@@H](C3=C)O)O)C,GMRQFYUYWCNGIN-NKMMMXOESA-N,GMRQFYUYWCNGIN
CAMPTOTHECIN,CC[C@@]1(C2=C(COC1=O)C(=O)N3CC4=CC5=CC=CC=C5N=C4C3=C2)O,VSJKWCGYPAHWDS-FQEVSTJZSA-N,VSJKWCGYPAHWDS
CANDESARTAN,CCOC1=NC2=CC=CC(=C2N1CC3=CC=C(C=C3)C4=CC=CC=C4C5=NNN=N5)C(=O)O,HTQMVQVXFRQIKW-UHFFFAOYSA-N,HTQMVQVXFRQIKW
CAPSAICIN,CC(C)/C=C/CCCCC(=O)NCC1=CC(=C(C=C1)O)OC,YKPUWZUDDOIDPM-SOFGYWHQSA-N,YKPUWZUDDOIDPM
CAPTOPRIL,C[C@H](CS)C(=O)N1CCC[C@H]1C(=O)O,FAKRSMQSSFJEIM-RQJHMYQMSA-N,FAKRSMQSSFJEIM
CARBACHOL,C[N+](C)(C)CCOC(=O)N.[Cl-],VPJXQGSRWJZDOB-UHFFFAOYSA-O,VPJXQGSRWJZDOB
CARBAMAZEPINE,C1=CC=C2C(=C1)C=CC3=CC=CC=C3N2C(=O)N,FFGPTBGBLSHEPO-UHFFFAOYSA-N,FFGPTBGBLSHEPO
CARBIMAZOLE,CCOC(=O)N1C=CN(C1=S)C,CFOYWRHIYXMDOT-UHFFFAOYSA-N,CFOYWRHIYXMDOT
CARBON TETRACHLORIDE,C(Cl)(Cl)(Cl)Cl,VZGDMQKNWNREIO-UHFFFAOYSA-N,VZGDMQKNWNREIO
CARBOPLATIN,C1CC(C1)(C(=O)[O-])C(=O)[O-].N.N.[Pt+2],CCQPAEQGAVNNIA-UHFFFAOYSA-N,CCQPAEQGAVNNIA
CARMOFUR,CCCCCCNC(=O)N1C=C(C(=O)NC1=O)F,AOCCBINRVIKJHY-UHFFFAOYSA-N,AOCCBINRVIKJHY
CARMUSTINE,C(CCl)NC(=O)N(CCCl)N=O,DLGOEMSEDOSKAD-UHFFFAOYSA-N,DLGOEMSEDOSKAD
CARVEDILOL,COC1=CC=CC=C1OCCNCC(COC2=CC=CC3=C2C4=CC=CC=C4N3)O,OGHNVEJMJSYVRP-UHFFFAOYSA-N,OGHNVEJMJSYVRP
CATECHOL,C1=CC=C(C(=C1)O)O,YCIMNLLNPGFGHC-UHFFFAOYSA-N,YCIMNLLNPGFGHC
CEFOTAXIME,CC(=O)OCC1=C(N2[C@@H]([C@@H](C2=O)NC(=O)/C(=N\OC)/C3=CSC(=N3)N)SC1)C(=O)O,GPRBEKHLDVQUJE-QSWIMTSFSA-N,GPRBEKHLDVQUJE
CELECOXIB,CC1=CC=C(C=C1)C2=CC(=NN2C3=CC=C(C=C3)S(=O)(=O)N)C(F)(F)F,RZEKVGVHFLEQIL-UHFFFAOYSA-N,RZEKVGVHFLEQIL
CEPHALEXIN,CC1=C(N2[C@@H]([C@@H](C2=O)NC(=O)[C@@H](C3=CC=CC=C3)N)SC1)C(=O)O,ZAIPMKNFIOOWCQ-UEKVPHQBSA-N,ZAIPMKNFIOOWCQ
CERIVASTATIN,CC(C)C1=C(C(=C(C(=N1)C(C)C)COC)C2=CC=C(C=C2)F)/C=C/[C@H](C[C@H](CC(=O)O)O)O,SEERZIQQUAZTOL-ANMDKAQQSA-N,SEERZIQQUAZTOL
CETRAXATE,C1CC(CCC1CN)C(=O)OC2=CC=C(C=C2)CCC(=O)O,FHRSHSOEWXUORL-UHFFFAOYSA-N,FHRSHSOEWXUORL
CETYLPYRIDINIUM BROMIDE,CCCCCCCCCCCCCCCC[N+]1=CC=CC=C1.[Br-],NEUSVAOJNUQRTM-UHFFFAOYSA-N,NEUSVAOJNUQRTM
CHLORAMBUCIL,C1=CC(=CC=C1CCCC(=O)O)N(CCCl)CCCl,JCKYGMPEJWAADB-UHFFFAOYSA-N,JCKYGMPEJWAADB
CHLORAMPHENICOL,C1=CC(=CC=C1[C@H]([C@@H](CO)NC(=O)C(Cl)Cl)O)[N+](=O)[O-],WIIZWVCIJKGZOK-RKDXNWHRSA-N,WIIZWVCIJKGZOK
CHLORDIAZEPOXIDE,CN=C1CN(C(=C2C=C(C=CC2=N1)Cl)C3=CC=CC=C3)O,BUCORZSTKDOEKQ-UHFFFAOYSA-N,BUCORZSTKDOEKQ
CHLORMADINONE ACETATE,CC(=O)[C@]1(CC[C@@H]2[C@@]1(CC[C@H]3[C@H]2C=C(C4=CC(=O)CC[C@]34C)Cl)C)OC(=O)C,QMBJSIBWORFWQT-DFXBJWIESA-N,QMBJSIBWORFWQT
CHLOROBENZENE,C1=CC=C(C=C1)Cl,MVPPADPHJFYWMZ-UHFFFAOYSA-N,MVPPADPHJFYWMZ
CHLOROFORM,C(Cl)(Cl)Cl,HEDRZPFGACZZDS-UHFFFAOYSA-N,HEDRZPFGACZZDS
CHLOROXYLENOL,CC1=CC(=CC(=C1Cl)C)O,OSDLLIBGSJNGJE-UHFFFAOYSA-N,OSDLLIBGSJNGJE
CHLORPROMAZINE,CN(C)CCCN1C2=CC=CC=C2SC3=C1C=C(C=C3)Cl,ZPEIMTDSQAKGNT-UHFFFAOYSA-N,ZPEIMTDSQAKGNT
CHLORPROPAMIDE,CCCNC(=O)NS(=O)(=O)C1=CC=C(C=C1)Cl,RKWGIWYCVPQPMF-UHFFFAOYSA-N,RKWGIWYCVPQPMF
CHLORPYRIFOS,CCOP(=S)(OCC)OC1=NC(=C(C=C1Cl)Cl)Cl,SBPBAQFWLVIOKP-UHFFFAOYSA-N,SBPBAQFWLVIOKP
CHLORTETRACYCLINE,C[C@@]1([C@H]2C[C@H]3[C@@H](C(=O)C(=C([C@]3(C(=O)C2=C(C4=C(C=CC(=C41)Cl)O)O)O)O)C(=O)N)N(C)C)O,DHPRQBPJLMKORJ-XRNKAMNCSA-N,DHPRQBPJLMKORJ
CHLORZOXAZONE,C1=CC2=C(C=C1Cl)NC(=O)O2,TZFWDZFKRBELIQ-UHFFFAOYSA-N,TZFWDZFKRBELIQ
CHOLECALCIFEROL,C[C@H](CCCC(C)C)[C@H]1CC[C@@H]\2[C@@]1(CCC/C2=C\C=C/3\C[C@H](CCC3=C)O)C,QYSXJUFSXHHAJI-YRZJJWOYSA-N,QYSXJUFSXHHAJI
CHOLIC ACID,C[C@H](CCC(=O)O)[C@H]1CC[C@@H]2[C@@]1([C@H](C[C@H]3[C@H]2[C@@H](C[C@H]4[C@@]3(CC[C@H](C4)O)C)O)O)C,BHQCQFFYRZLCQQ-OELDTZBJSA-N,BHQCQFFYRZLCQQ
CHOLINE CHLORIDE,C[N+](C)(C)CCO.[Cl-],OEYIOHPDSNJKLS-UHFFFAOYSA-N,OEYIOHPDSNJKLS
CILOSTAZOL,C1CCC(CC1)N2C(=NN=N2)CCCCOC3=CC4=C(C=C3)NC(=O)CC4,RRGUKTPIGVIEKM-UHFFFAOYSA-N,RRGUKTPIGVIEKM
CIMETIDINE,CC1=C(N=CN1)CSCCNC(=NC)NC#N,AQIXAKUUQRKLND-UHFFFAOYSA-N,AQIXAKUUQRKLND
CINNARIZINE,C1CN(CCN1C/C=C/C2=CC=CC=C2)C(C3=CC=CC=C3)C4=CC=CC=C4,DERZBLKQOCDDDZ-JLHYYAGUSA-N,DERZBLKQOCDDDZ
CIPROFLOXACIN,C1CC1N2C=C(C(=O)C3=CC(=C(C=C32)N4CCNCC4)F)C(=O)O,MYSWGUAQZAJSOK-UHFFFAOYSA-N,MYSWGUAQZAJSOK
CISAPRIDE,CO[C@H]1CN(CC[C@H]1NC(=O)C2=CC(=C(C=C2OC)N)Cl)CCCOC3=CC=C(C=C3)F,DCSUBABJRXZOMT-IRLDBZIGSA-N,DCSUBABJRXZOMT
CISPLATIN,N.N.Cl[Pt]Cl,QGZKDVFQNNGYKY-UHFFFAOYSA-N,QGZKDVFQNNGYKY
CITALOPRAM,CN(C)CCCC1(C2=C(CO1)C=C(C=C2)C#N)C3=CC=C(C=C3)F,WSEQXVZVJXJVFP-UHFFFAOYSA-N,WSEQXVZVJXJVFP
CITRIC ACID,C(C(=O)O)C(CC(=O)O)(C(=O)O)O,KRKNYBCHXYNGOX-UHFFFAOYSA-N,KRKNYBCHXYNGOX
CLARITHROMYCIN,CC[C@@H]1[C@@]([C@@H]([C@H](C(=O)[C@@H](C[C@@]([C@@H]([C@H]([C@@H]([C@H](C(=O)O1)C)O[C@H]2C[C@@]([C@H]([C@@H](O2)C)O)(C)OC)C)O[C@H]3[C@@H]([C@H](C[C@H](O3)C)N(C)C)O)(C)OC)C)C)O)(C)O,AGOYDEPGAOXOCK-KCBOHYOISA-N,AGOYDEPGAOXOCK
CLEMASTINE,C[C@@](C1=CC=CC=C1)(C2=CC=C(C=C2)Cl)OCC[C@H]3CCCN3C,YNNUSGIPVFPVBX-NHCUHLMSSA-N,YNNUSGIPVFPVBX
CLINDAMYCIN,CCC[C@@H]1C[C@H](N(C1)C)C(=O)N[C@@H]([C@@H]2[C@@H]([C@@H]([C@H]([C@H](O2)SC)O)O)O)[C@H](C)Cl,KDLRVYVGXIQJDK-AWPVFWJPSA-N,KDLRVYVGXIQJDK
CLOBETASOL PROPIONATE,CCC(=O)O[C@@]1([C@H](C[C@@H]2[C@@]1(C[C@@H]([C@]3([C@H]2CCC4=CC(=O)C=C[C@@]43C)F)O)C)C)C(=O)CCl,CBGUOGMQLZIXBE-XGQKBEPLSA-N,CBGUOGMQLZIXBE
CLOFIBRATE,CCOC(=O)C(C)(C)OC1=CC=C(C=C1)Cl,KNHUKKLJHYUCFP-UHFFFAOYSA-N,KNHUKKLJHYUCFP
CLOFIBRIC ACID,CC(C)(C(=O)O)OC1=CC=C(C=C1)Cl,TXCGAZHTZHNUAI-UHFFFAOYSA-N,TXCGAZHTZHNUAI
CLOMIPHENE,CCN(CC)CCOC1=CC=C(C=C1)C(=C(C2=CC=CC=C2)Cl)C3=CC=CC=C3,GKIRPKYJQBWNGO-UHFFFAOYSA-N,GKIRPKYJQBWNGO
CLOMIPRAMINE,CN(C)CCCN1C2=CC=CC=C2CCC3=C1C=C(C=C3)Cl,GDLIGKIOYRNHDA-UHFFFAOYSA-N,GDLIGKIOYRNHDA
CLONAZEPAM,C1C(=O)NC2=C(C=C(C=C2)[N+](=O)[O-])C(=N1)C3=CC=CC=C3Cl,DGBIGWXXNGSACT-UHFFFAOYSA-N,DGBIGWXXNGSACT
CLONIDINE,C1CN=C(N1)NC2=C(C=CC=C2Cl)Cl,GJSURZIOUXUGAL-UHFFFAOYSA-N,GJSURZIOUXUGAL
CLOPIDOGREL,COC(=O)[C@H](C1=CC=CC=C1Cl)N2CCC3=C(C2)C=CS3,GKTWGGQPFAXNFI-HNNXBMFYSA-N,GKTWGGQPFAXNFI
CLOSANTEL,CC1=CC(=C(C=C1NC(=O)C2=C(C(=CC(=C2)I)I)O)Cl)C(C#N)C3=CC=C(C=C3)Cl,JMPFSEBWVLAJKM-UHFFFAOYSA-N,JMPFSEBWVLAJKM
CLOTRIMAZOLE,C1=CC=C(C=C1)C(C2=CC=CC=C2)(C3=CC=CC=C3Cl)N4C=CN=C4,VNFPBHJOKIVQEB-UHFFFAOYSA-N,VNFPBHJOKIVQEB
CLOXACILLIN,CC1=C(C(=NO1)C2=CC=CC=C2Cl)C(=O)N[C@H]3[C@@H]4N(C3=O)[C@H](C(S4)(C)C)C(=O)O,LQOLIRLGBULYKD-JKIFEVAISA-N,LQOLIRLGBULYKD
CLOZAPINE,CN1CCN(CC1)C2=NC3=C(C=CC(=C3)Cl)NC4=CC=CC=C42,QZUDBNBUXVUHMW-UHFFFAOYSA-N,QZUDBNBUXVUHMW
COBALT (II) CHLORIDE,Cl[Co]Cl,XLJKHNWPARRRJB-UHFFFAOYSA-N,XLJKHNWPARRRJB
COBALT(II) ACETYLACETONATE,CC(=O)[CH-]C(=O)C.CC(=O)[CH-]C(=O)C.[Co+2],YRKCREAYFQTBPV-UHFFFAOYSA-N,YRKCREAYFQTBPV
COLCHICINE,CC(=O)N[C@H]1CCC2=CC(=C(C(=C2C3=CC=C(C(=O)C=C13)OC)OC)OC)OC,IAKHMKGGTNLKSZ-INIZCTEOSA-N,IAKHMKGGTNLKSZ
COLISTIN,CCC(C)CCCC(=O)N[C@@H](CCN)C(=O)N[C@@H]([C@@H](C)O)C(=O)N[C@@H](CCN)C(=O)N[C@H]1CCNC(=O)[C@@H](NC(=O)[C@@H](NC(=O)[C@@H](NC(=O)[C@@H](NC(=O)[C@H](NC(=O)[C@@H](NC1=O)CCN)CC(C)C)CC(C)C)CCN)CCN)[C@@H](C)O,YKQOSKADJPQZHB-QNPLFGSASA-N,YKQOSKADJPQZHB
CORTISONE,C[C@]12CCC(=O)C=C1CC[C@@H]3[C@@H]2C(=O)C[C@]4([C@H]3CC[C@@]4(C(=O)CO)O)C,MFYSYFVPBJMHGN-ZPOLXVRWSA-N,MFYSYFVPBJMHGN
COUMARIN,C1=CC=C2C(=C1)C=CC(=O)O2,ZYGHJZDHTFUPRJ-UHFFFAOYSA-N,ZYGHJZDHTFUPRJ
CROMOLYN,C1=CC2=C(C(=C1)OCC(COC3=CC=CC4=C3C(=O)C=C(O4)C(=O)O)O)C(=O)C=C(O2)C(=O)O,IMZMKUWMOSJXDT-UHFFFAOYSA-N,IMZMKUWMOSJXDT
CROTAMITON,CCN(C1=CC=CC=C1C)C(=O)C=CC,DNTGGZPQPQTDQF-UHFFFAOYSA-N,DNTGGZPQPQTDQF
CYCLANDELATE,CC1CC(CC(C1)(C)C)OC(=O)C(C2=CC=CC=C2)O,WZHCOOQXZCIUNC-UHFFFAOYSA-N,WZHCOOQXZCIUNC
CYCLOHEXIMIDE,C[C@H]1C[C@@H](C(=O)[C@@H](C1)[C@@H](CC2CC(=O)NC(=O)C2)O)C,YPHMISFOHDHNIV-FSZOTQKASA-N,YPHMISFOHDHNIV
CYCLOPHOSPHAMIDE,C1CNP(=O)(OC1)N(CCCl)CCCl,CMSMOCZEIVJLDB-UHFFFAOYSA-N,CMSMOCZEIVJLDB
CYCLOPROPANE CARBOXYLIC ACID,C1CC1C(=O)O,YMGUBTXCNDTFJI-UHFFFAOYSA-N,YMGUBTXCNDTFJI
CYCLOSPORIN A,CC[C@H]1C(=O)N(CC(=O)N([C@H](C(=O)N[C@H](C(=O)N([C@H](C(=O)N[C@H](C(=O)N[C@@H](C(=O)N([C@H](C(=O)N([C@H](C(=O)N([C@H](C(=O)N([C@H](C(=O)N1)[C@@H]([C@H](C)C/C=C/C)O)C)C(C)C)C)CC(C)C)C)CC(C)C)C)C)C)CC(C)C)C)C(C)C)CC(C)C)C)C,PMATZTZNYRCHOR-CGLBZJNRSA-N,PMATZTZNYRCHOR
CYPROHEPTADINE,CN1CCC(=C2C3=CC=CC=C3C=CC4=CC=CC=C42)CC1,JJCFRYNCJDLXIK-UHFFFAOYSA-N,JJCFRYNCJDLXIK
CYPROTERONE ACETATE,CC(=O)[C@]1(CC[C@@H]2[C@@]1(CC[C@H]3[C@H]2C=C(C4=CC(=O)[C@@H]5C[C@@H]5[C@]34C)Cl)C)OC(=O)C,UWFYSQMTEOIJJG-FDTZYFLXSA-N,UWFYSQMTEOIJJG
CYTARABINE,C1=CN(C(=O)N=C1N)[C@H]2[C@H]([C@@H]([C@H](O2)CO)O)O,UHDGCWIWMRVCDJ-CCXZUQQUSA-N,UHDGCWIWMRVCDJ
D-LIMONENE,CC1=CC[C@@H](CC1)C(=C)C,XMGQYMWWDOXHJM-JTQLQIEISA-N,XMGQYMWWDOXHJM
D-TUBOCURARINE CHLORIDE,CN1CCC2=CC(=C3C=C2[C@@H]1CC4=CC=C(C=C4)OC5=C6[C@@H](CC7=CC(=C(C=C7)O)O3)[N+](CCC6=CC(=C5O)OC)(C)C)OC.Cl.[Cl-],JFJZZMVDLULRGK-URLMMPGGSA-O,JFJZZMVDLULRGK
DACTINOMYCIN,C[C@@H]1[C@@H](C(=O)N[C@@H](C(=O)N2CCC[C@H]2C(=O)N(CC(=O)N([C@H](C(=O)O1)C(C)C)C)C)C(C)C)NC(=O)C3=C4C(=C(C=C3)C)OC5=C(C(=O)C(=C(C5=N4)C(=O)N[C@H]6[C@H](OC(=O)[C@@H](N(C(=O)CN(C(=O)[C@@H]7CCCN7C(=O)[C@H](NC6=O)C(C)C)C)C)C(C)C)C)N)C,RJURFGZVJUQBHK-IIXSONLDSA-N,RJURFGZVJUQBHK
DANAZOL,C[C@]12CC[C@H]3[C@H]([C@@H]1CC[C@]2(C#C)O)CCC4=CC5=C(C[C@]34C)C=NO5,POZRVZJJTULAOH-LHZXLZLDSA-N,POZRVZJJTULAOH
DAUNORUBICIN,C[C@H]1[C@H]([C@H](C[C@@H](O1)O[C@H]2C[C@@](CC3=C2C(=C4C(=C3O)C(=O)C5=C(C4=O)C(=CC=C5)OC)O)(C(=O)C)O)N)O,STQGQHZAVUOBTE-VGBVRHCVSA-N,STQGQHZAVUOBTE
DEFERIPRONE,CC1=C(C(=O)C=CN1C)O,TZXKOCQBRNJULO-UHFFFAOYSA-N,TZXKOCQBRNJULO
DEXAMETHASONE,C[C@@H]1C[C@H]2[C@@H]3CCC4=CC(=O)C=C[C@@]4([C@]3([C@H](C[C@@]2([C@]1(C(=O)CO)O)C)O)F)C,UREBDLICKHMUKA-CXSFZGCWSA-N,UREBDLICKHMUKA
DEXCHLORPHENIRAMINE,CN(C)CC[C@@H](C1=CC=C(C=C1)Cl)C2=CC=CC=N2,SOYKEARSMXGVTM-HNNXBMFYSA-N,SOYKEARSMXGVTM
DEXFENFLURAMINE,CCN[C@@H](C)CC1=CC(=CC=C1)C(F)(F)F,DBGIVFWFUFKIQN-VIFPVBQESA-N,DBGIVFWFUFKIQN
DEXIBUPROFEN,C[C@@H](C1=CC=C(C=C1)CC(C)C)C(=O)O,HEFNNWSXXWATRW-JTQLQIEISA-N,HEFNNWSXXWATRW
DIAZEPAM,CN1C(=O)CN=C(C2=C1C=CC(=C2)Cl)C3=CC=CC=C3,AAOVKJBEBIDNHE-UHFFFAOYSA-N,AAOVKJBEBIDNHE
DIBROMOCHLOROMETHANE,C(Cl)(Br)Br,GATVIKZLVQHOMN-UHFFFAOYSA-N,GATVIKZLVQHOMN
DICHLORVOS,COP(=O)(OC)OC=C(Cl)Cl,OEBRKCOSUFCWJD-UHFFFAOYSA-N,OEBRKCOSUFCWJD
DICLOFENAC,C1=CC=C(C(=C1)CC(=O)O)NC2=C(C=CC=C2Cl)Cl,DCOPUUMXTXDBNB-UHFFFAOYSA-N,DCOPUUMXTXDBNB
DICUMAROL,C1=CC=C2C(=C1)C(=C(C(=O)O2)CC3=C(C4=CC=CC=C4OC3=O)O)O,DOBMPNYZJYQDGZ-UHFFFAOYSA-N,DOBMPNYZJYQDGZ
DICYCLOMINE,CCN(CC)CCOC(=O)C1(CCCCC1)C2CCCCC2,CURUTKGFNZGFSE-UHFFFAOYSA-N,CURUTKGFNZGFSE
DIDEOXYCYTIDINE,C1C[C@@H](O[C@@H]1CO)N2C=CC(=NC2=O)N,WREGKURFCTUGRC-POYBYMJQSA-N,WREGKURFCTUGRC
DIETHANOLAMINE,C(CO)NCCO,ZBCBWPMODOFKDW-UHFFFAOYSA-N,ZBCBWPMODOFKDW
DIETHYLSTILBESTROL,CC/C(=C(/CC)\C1=CC=C(C=C1)O)/C2=CC=C(C=C2)O,RGLYKWWBQGJZGM-ISLYRVAYSA-N,RGLYKWWBQGJZGM
DIFLUNISAL,C1=CC(=C(C=C1C2=C(C=C(C=C2)F)F)C(=O)O)O,HUPFGZXOMWLGNK-UHFFFAOYSA-N,HUPFGZXOMWLGNK
DIGITONIN,C[C@@H]1CC[C@@]2([C@H]([C@H]3[C@@H](O2)[C@H]([C@@H]4[C@@]3(CC[C@H]5[C@H]4CC[C@@H]6[C@@]5(C[C@H]([C@@H](C6)O[C@H]7[C@@H]([C@H]([C@H]([C@H](O7)CO)O[C@H]8[C@@H]([C@H]([C@@H]([C@H](O8)CO)O)O[C@H]9[C@@H]([C@H]([C@@H](CO9)O)O)O)O[C@H]2[C@@H]([C@H]([C@H]([C@H](O2)CO)O)O[C@H]2[C@@H]([C@H]([C@@H]([C@H](O2)CO)O)O)O)O)O)O)O)C)C)O)C)OC1,UVYVLBIGDKGWPX-KUAJCENISA-N,UVYVLBIGDKGWPX
DIGITOXIN,C[C@@H]1[C@H]([C@H](C[C@@H](O1)O[C@@H]2[C@H](O[C@H](C[C@@H]2O)O[C@@H]3[C@H](O[C@H](C[C@@H]3O)O[C@H]4CC[C@]5([C@@H](C4)CC[C@@H]6[C@@H]5CC[C@]7([C@@]6(CC[C@@H]7C8=CC(=O)OC8)O)C)C)C)C)O)O,WDJUZGPOPHTGOT-XUDUSOBPSA-N,WDJUZGPOPHTGOT
DIGOXIN,C[C@@H]1[C@H]([C@H](C[C@@H](O1)O[C@@H]2[C@H](O[C@H](C[C@@H]2O)O[C@@H]3[C@H](O[C@H](C[C@@H]3O)O[C@H]4CC[C@]5([C@@H](C4)CC[C@@H]6[C@@H]5C[C@H]([C@]7([C@@]6(CC[C@@H]7C8=CC(=O)OC8)O)C)O)C)C)C)O)O,LTMHDMANZUZIPE-PUGKRICDSA-N,LTMHDMANZUZIPE
DIISOPROPYL FLUOROPHOSPHATE,CC(C)OP(=O)(OC(C)C)F,MUCZHBLJLSDCSD-UHFFFAOYSA-N,MUCZHBLJLSDCSD
DIMENHYDRINATE,CN1C2=C(C(=O)N(C1=O)C)NC(=N2)Cl.CN(C)CCOC(C1=CC=CC=C1)C2=CC=CC=C2,ZZVUWRFHKOJYTH-UHFFFAOYSA-N,ZZVUWRFHKOJYTH
DIMETHYL METHYLPHOSPHONATE,COP(=O)(C)OC,VONWDASPFIQPDY-UHFFFAOYSA-N,VONWDASPFIQPDY
DIPHENHYDRAMINE,CN(C)CCOC(C1=CC=CC=C1)C2=CC=CC=C2,ZZVUWRFHKOJYTH-UHFFFAOYSA-N,ZZVUWRFHKOJYTH
DIPHENIDOL,C1CCN(CC1)CCCC(C2=CC=CC=C2)(C3=CC=CC=C3)O,OGAKLTJNUQRZJU-UHFFFAOYSA-N,OGAKLTJNUQRZJU
DIPYRIDAMOLE,C1CCN(CC1)C2=NC(=NC3=C2N=C(N=C3N4CCCCC4)N(CCO)CCO)N(CCO)CCO,IZEKFCXSFNUWAM-UHFFFAOYSA-N,IZEKFCXSFNUWAM
DIPYRONE,CC1=C(C(=O)N(N1C)C2=CC=CC=C2)N(C)CS(=O)(=O)[O-].[Na+],LVWZTYCIRDMTEY-UHFFFAOYSA-N,LVWZTYCIRDMTEY
DISULFIRAM,CCN(CC)C(=S)SSC(=S)N(CC)CC,AUZONCFQVSMFAP-UHFFFAOYSA-N,AUZONCFQVSMFAP
DOBUTAMINE,CC(CCC1=CC=C(C=C1)O)NCCC2=CC(=C(C=C2)O)O,JRWZLRBJNMZMFE-UHFFFAOYSA-N,JRWZLRBJNMZMFE
DOXAPRAM,CCN1CC(C(C1=O)(C2=CC=CC=C2)C3=CC=CC=C3)CCN4CCOCC4,XFDJYSQDBULQSI-UHFFFAOYSA-N,XFDJYSQDBULQSI
DOXAZOSIN,COC1=C(C=C2C(=C1)C(=NC(=N2)N3CCN(CC3)C(=O)C4COC5=CC=CC=C5O4)N)OC,RUZYUOTYCVRMRZ-UHFFFAOYSA-N,RUZYUOTYCVRMRZ
DOXEPIN,CN(C)CCC=C1C2=CC=CC=C2COC3=CC=CC=C31,ODQWQRRAPPTVAG-UHFFFAOYSA-N,ODQWQRRAPPTVAG
DOXIFLURIDINE,C[C@@H]1[C@H]([C@H]([C@@H](O1)N2C=C(C(=O)NC2=O)F)O)O,ZWAOHEXOSAUJHY-ZIYNGMLESA-N,ZWAOHEXOSAUJHY
DOXOFYLLINE,CN1C2=C(C(=O)N(C1=O)C)N(C=N2)CC3OCCO3,HWXIGFIVGWUZAO-UHFFFAOYSA-N,HWXIGFIVGWUZAO
DOXORUBICIN,C[C@H]1[C@H]([C@H](C[C@@H](O1)O[C@H]2C[C@@](CC3=C2C(=C4C(=C3O)C(=O)C5=C(C4=O)C(=CC=C5)OC)O)(C(=O)CO)O)N)O,AOJJSUZBOXZQNB-TZSSRYMLSA-N,AOJJSUZBOXZQNB
DOXYCYCLINE,C[C@@H]1[C@H]2[C@@H]([C@H]3[C@@H](C(=O)C(=C([C@]3(C(=O)C2=C(C4=C1C=CC=C4O)O)O)O)C(=O)N)N(C)C)O,SGKRLCUYIXIAHR-AKNGSSGZSA-N,SGKRLCUYIXIAHR
DROPERIDOL,C1CN(CC=C1N2C3=CC=CC=C3NC2=O)CCCC(=O)C4=CC=C(C=C4)F,RMEDXOLNCUSCGS-UHFFFAOYSA-N,RMEDXOLNCUSCGS
DYPHYLLINE,CN1C2=C(C(=O)N(C1=O)C)N(C=N2)CC(CO)O,KSCFJBIXMNOVSH-UHFFFAOYSA-N,KSCFJBIXMNOVSH
EBASTINE,CC(C)(C)C1=CC=C(C=C1)C(=O)CCCN2CCC(CC2)OC(C3=CC=CC=C3)C4=CC=CC=C4,MJJALKDDGIKVBE-UHFFFAOYSA-N,MJJALKDDGIKVBE
ECONAZOLE,C1=CC(=CC=C1COC(CN2C=CN=C2)C3=C(C=C(C=C3)Cl)Cl)Cl,LEZWWPYKPKIXLL-UHFFFAOYSA-N,LEZWWPYKPKIXLL
EMETINE,CC[C@H]1CN2CCC3=CC(=C(C=C3[C@@H]2C[C@@H]1C[C@@H]4C5=CC(=C(C=C5CCN4)OC)OC)OC)OC,AUVVAXYIELKVAI-CKBKHPSWSA-N,AUVVAXYIELKVAI
ENALAPRIL,CCOC(=O)[C@H](CCC1=CC=CC=C1)N[C@@H](C)C(=O)N2CCC[C@H]2C(=O)O,GBXSMTUPTTWBMN-XIRDDKMYSA-N,GBXSMTUPTTWBMN
ENOXACIN,CCN1C=C(C(=O)C2=CC(=C(N=C21)N3CCNCC3)F)C(=O)O,IDYZIJYBMGIQMJ-UHFFFAOYSA-N,IDYZIJYBMGIQMJ
ENROFLOXACIN,CCN1CCN(CC1)C2=C(C=C3C(=C2)N(C=C(C3=O)C(=O)O)C4CC4)F,SPFYMRJSYKOXGV-UHFFFAOYSA-N,SPFYMRJSYKOXGV
EPALRESTAT,C/C(=C\C1=CC=CC=C1)/C=C\2/C(=O)N(C(=S)S2)CC(=O)O,CHNUOJQWGUIOLD-NFZZJPOKSA-N,CHNUOJQWGUIOLD
EPERISONE,CCC1=CC=C(C=C1)C(=O)C(C)CN2CCCCC2,SQUNAWUMZGQQJD-UHFFFAOYSA-N,SQUNAWUMZGQQJD
EPINEPHRINE,CNC[C@@H](C1=CC(=C(C=C1)O)O)O,UCTWMZQNUQWSLP-VIFPVBQESA-N,UCTWMZQNUQWSLP
EPIRUBICIN,C[C@H]1[C@@H]([C@H](C[C@@H](O1)O[C@H]2C[C@@](CC3=C2C(=C4C(=C3O)C(=O)C5=C(C4=O)C(=CC=C5)OC)O)(C(=O)CO)O)N)O,AOJJSUZBOXZQNB-VTZDEGQISA-N,AOJJSUZBOXZQNB
ERGOCALCIFEROL,C[C@H](/C=C/[C@H](C)C(C)C)[C@H]1CC[C@@H]\2[C@@]1(CCC/C2=C\C=C/3\C[C@H](CCC3=C)O)C,MECHNRXZTMCUDQ-RKHKHRCZSA-N,MECHNRXZTMCUDQ
ERLOTINIB,COCCOC1=C(C=C2C(=C1)C(=NC=N2)NC3=CC=CC(=C3)C#C)OCCOC,AAKJLRGGTJKAMG-UHFFFAOYSA-N,AAKJLRGGTJKAMG
ERYTHROMYCIN,CC[C@@H]1[C@@]([C@@H]([C@H](C(=O)[C@@H](C[C@@]([C@@H]([C@H]([C@@H]([C@H](C(=O)O1)C)O[C@H]2C[C@@]([C@H]([C@@H](O2)C)O)(C)OC)C)O[C@H]3[C@@H]([C@H](C[C@H](O3)C)N(C)C)O)(C)O)C)C)O)(C)O,ULGZDMOVFRHVEP-RWJQBGPGSA-N,ULGZDMOVFRHVEP
ESMOLOL,CC(C)NCC(COC1=CC=C(C=C1)CCC(=O)OC)O,AQNDDEOPVVGCPG-UHFFFAOYSA-N,AQNDDEOPVVGCPG
ESTRIOL,C[C@]12CC[C@H]3[C@H]([C@@H]1C[C@H]([C@@H]2O)O)CCC4=C3C=CC(=C4)O,PROQIPRRNZUXQM-ZXXIGWHRSA-N,PROQIPRRNZUXQM
ETHACRYNIC ACID,CCC(=C)C(=O)C1=C(C(=C(C=C1)OCC(=O)O)Cl)Cl,AVOLMBLBETYQHX-UHFFFAOYSA-N,AVOLMBLBETYQHX
ETHAMBUTOL,CC[C@@H](CO)NCCN[C@@H](CC)CO,AEUTYOVWOVBAKS-UWVGGRQHSA-N,AEUTYOVWOVBAKS
ETHANOL,CCO,LFQSCWFLJHTTHZ-UHFFFAOYSA-N,LFQSCWFLJHTTHZ
ETHINYLESTRADIOL,C[C@]12CC[C@H]3[C@H]([C@@H]1CC[C@]2(C#C)O)CCC4=C3C=CC(=C4)O,BFPYWIDHMRZLRN-SLHNCBLASA-N,BFPYWIDHMRZLRN
ETHISTERONE,C[C@]12CCC(=O)C=C1CC[C@@H]3[C@@H]2CC[C@]4([C@H]3CC[C@]4(C#C)O)C,CHNXZKVNWQUJIB-CEGNMAFCSA-N,CHNXZKVNWQUJIB
ETHOSUXIMIDE,CCC1(CC(=O)NC1=O)C,HAPOVYFOVVWLRS-UHFFFAOYSA-N,HAPOVYFOVVWLRS
ETHYLENE GLYCOL,C(CO)O,LYCAIKOWRPUZTN-UHFFFAOYSA-N,LYCAIKOWRPUZTN
ETHYLESTRENOL,CC[C@@]1(CC[C@@H]2[C@@]1(CC[C@H]3[C@H]2CCC4=CCCC[C@H]34)C)O,AOXRBFRFYPMWLR-XGXHKTLJSA-N,AOXRBFRFYPMWLR
ETIDRONATE,CC(O)(P(=O)(O)O)P(=O)(O)O,DBVJJBKOTRCVKF-UHFFFAOYSA-N,DBVJJBKOTRCVKF
ETODOLAC,CCC1=C2C(=CC=C1)C3=C(N2)C(OCC3)(CC)CC(=O)O,NNYBQONXHNTVIJ-UHFFFAOYSA-N,NNYBQONXHNTVIJ
ETOPOSIDE,C[C@@H]1OC[C@@H]2[C@@H](O1)[C@@H]([C@H]([C@@H](O2)O[C@H]3[C@H]4COC(=O)[C@@H]4[C@@H](C5=CC6=C(C=C35)OCO6)C7=CC(=C(C(=C7)OC)O)OC)O)O,VJJPUSNTGOMMGY-MRVIYFEKSA-N,VJJPUSNTGOMMGY
EUCALYPTOL,CC1(C2CCC(O1)(CC2)C)C,WEEGYLXZBRQIMU-UHFFFAOYSA-N,WEEGYLXZBRQIMU
FAMCICLOVIR,CC(=O)OCC(CCN1C=NC2=CN=C(N=C21)N)COC(=O)C,GGXKWVWZWMLJEH-UHFFFAOYSA-N,GGXKWVWZWMLJEH
FAMOTIDINE,C1=C(N=C(S1)N=C(N)N)CSCC/C(=N/S(=O)(=O)N)/N,XUFQPHANEAPEMJ-UHFFFAOYSA-N,XUFQPHANEAPEMJ
FENBENDAZOLE,COC(=O)NC1=NC2=C(N1)C=C(C=C2)SC3=CC=CC=C3,HDDSHPAODJUKPD-UHFFFAOYSA-N,HDDSHPAODJUKPD
FENOFIBRATE,CC(C)OC(=O)C(C)(C)OC1=CC=C(C=C1)C(=O)C2=CC=C(C=C2)Cl,YMTINGFKWWXKFG-UHFFFAOYSA-N,YMTINGFKWWXKFG
FENOPROFEN,CC(C1=CC(=CC=C1)OC2=CC=CC=C2)C(=O)O,RDJGLLICXDHJDY-UHFFFAOYSA-N,RDJGLLICXDHJDY
FERROCENE,C1=C[CH]C=C1.C1=C[CH]C=C1.[Fe],HPYIUKIBUJFXII-UHFFFAOYSA-N,HPYIUKIBUJFXII
FERULIC ACID,COC1=C(C=CC(=C1)/C=C/C(=O)O)O,KSEBMYQBYZTDHS-HWKANZROSA-N,KSEBMYQBYZTDHS
FINASTERIDE,C[C@]12CC[C@H]3[C@H]([C@@H]1CC[C@@H]2C(=O)NC(C)(C)C)CC[C@@H]4[C@@]3(C=CC(=O)N4)C,DBEPLOCGEIEOCV-WSBQPABSSA-N,DBEPLOCGEIEOCV
FLAVOXATE,CC1=C(OC2=C(C1=O)C=CC=C2C(=O)OCCN3CCCCC3)C4=CC=CC=C4,SPIUTQOUKAMGCX-UHFFFAOYSA-N,SPIUTQOUKAMGCX
FLUBENDAZOLE,COC(=O)NC1=NC2=C(N1)C=C(C=C2)C(=O)C3=CC=C(C=C3)F,CPEUVMUXAHMANV-UHFFFAOYSA-N,CPEUVMUXAHMANV
FLUCONAZOLE,C1=CC(=C(C=C1F)F)C(CN2C=NC=N2)(CN3C=NC=N3)O,RFHAOTPXVQNOHP-UHFFFAOYSA-N,RFHAOTPXVQNOHP
FLUDROCORTISONE ACETATE,CC(=O)OCC(=O)[C@]1(CC[C@@H]2[C@@]1(C[C@@H]([C@]3([C@H]2CCC4=CC(=O)CC[C@@]43C)F)O)C)O,SYWHXTATXSMDSB-GSLJADNHSA-N,SYWHXTATXSMDSB
FLUNARIZINE,C1CN(CCN1C/C=C/C2=CC=CC=C2)C(C3=CC=C(C=C3)F)C4=CC=C(C=C4)F,SMANXXCATUTDDT-QPJJXVBHSA-N,SMANXXCATUTDDT
FLUOCINOLONE ACETONIDE,C[C@]12C[C@@H]([C@]3([C@H]([C@@H]1C[C@@H]4[C@]2(OC(O4)(C)C)C(=O)CO)C[C@@H](C5=CC(=O)C=C[C@@]53C)F)F)O,FEBLZLNTKCEFIT-VSXGLTOVSA-N,FEBLZLNTKCEFIT
FLUOROURACIL,C1=C(C(=O)NC(=O)N1)F,GHASVSINZRGABV-UHFFFAOYSA-N,GHASVSINZRGABV
FLUOXETINE,CNCCC(C1=CC=CC=C1)OC2=CC=C(C=C2)C(F)(F)F,RTHCYVBBDHJXIQ-UHFFFAOYSA-N,RTHCYVBBDHJXIQ
FLUPHENAZINE,C1CN(CCN1CCCN2C3=CC=CC=C3SC4=C2C=C(C=C4)C(F)(F)F)CCO,PLDUPXSUYLZYBN-UHFFFAOYSA-N,PLDUPXSUYLZYBN
FLURBIPROFEN,CC(C1=CC(=C(C=C1)C2=CC=CC=C2)F)C(=O)O,SYTBZMRGLBWNTM-UHFFFAOYSA-N,SYTBZMRGLBWNTM
FLUTAMIDE,CC(C)C(=O)NC1=CC(=C(C=C1)[N+](=O)[O-])C(F)(F)F,MKXKFYHWDHIYRV-UHFFFAOYSA-N,MKXKFYHWDHIYRV
FLUVASTATIN,CC(C)N1C2=CC=CC=C2C(=C1/C=C/[C@@H](C[C@@H](CC(=O)O)O)O)C3=CC=C(C=C3)F,FJLGEFLZQAZZCD-JUFISIKESA-N,FJLGEFLZQAZZCD
FOSCARNET,C(=O)(O)P(=O)(O)O,ZJAOAACCNHFJAH-UHFFFAOYSA-N,ZJAOAACCNHFJAH
FURAN,C1=COC=C1,YLQBMQCUIZJEEH-UHFFFAOYSA-N,YLQBMQCUIZJEEH
FUROSEMIDE,C1=COC(=C1)CNC2=CC(=C(C=C2C(=O)O)S(=O)(=O)N)Cl,ZZUFCTLCJUWOSV-UHFFFAOYSA-N,ZZUFCTLCJUWOSV
GABAPENTIN,C1CCC(CC1)(CC(=O)O)CN,UGJMXCAKCUNAIE-UHFFFAOYSA-N,UGJMXCAKCUNAIE
GADOPENTETATE DIMEGLUMINE,CNC[C@@H]([C@H]([C@@H]([C@@H](CO)O)O)O)O.CNC[C@@H]([C@H]([C@@H]([C@@H](CO)O)O)O)O.C(CN(CC(=O)O)CC(=O)[O-])N(CCN(CC(=O)O)CC(=O)[O-])CC(=O)[O-].[Gd+3],QPCDCPDFJACHGM-UHFFFAOYSA-N,QPCDCPDFJACHGM
GALANTAMINE,CN1CC[C@@]23C=C[C@@H](C[C@@H]2OC4=C(C=CC(=C34)C1)OC)O,ASUTZQLVASHGKV-JDFRZJQESA-N,ASUTZQLVASHGKV
GALLAMINE TRIETHIODIDE,CC[N+](CC)(CC)CCOC1=C(C(=CC=C1)OCC[N+](CC)(CC)CC)OCC[N+](CC)(CC)CC.[I-].[I-].[I-],OZLPUNFFCJDMJD-UHFFFAOYSA-N,OZLPUNFFCJDMJD
GATIFLOXACIN,CC1CN(CCN1)C2=C(C=C3C(=C2OC)N(C=C(C3=O)C(=O)O)C4CC4)F,XUBOMFCQGDBHNK-UHFFFAOYSA-N,XUBOMFCQGDBHNK
GEFITINIB,COC1=C(C=C2C(=C1)N=CN=C2NC3=CC(=C(C=C3)F)Cl)OCCCN4CCOCC4,XGALLCVXEZPNRQ-UHFFFAOYSA-N,XGALLCVXEZPNRQ
GEMCITABINE,C1=CN(C(=O)N=C1N)[C@H]2C([C@@H]([C@H](O2)CO)O)(F)F,SDUQYLNIPVEERB-QPPQHZFASA-N,SDUQYLNIPVEERB
GEMFIBROZIL,CC1=CC(=C(C=C1)C)OCCCC(C)(C)C(=O)O,HEMJJKBWTPKOJG-UHFFFAOYSA-N,HEMJJKBWTPKOJG
GENISTEIN,C1=CC(=CC=C1C2=COC3=CC(=CC(=C3C2=O)O)O)O,TZBJGXHYKVUXJN-UHFFFAOYSA-N,TZBJGXHYKVUXJN
GENTAMICIN,CC(C1CCC(C(O1)OC2C(CC(C(C2O)OC3C(C(C(CO3)(C)O)NC)O)N)N)N)NC,CEAZRRDELHUEMR-UHFFFAOYSA-N,CEAZRRDELHUEMR
GENTIAN VIOLET,CN(C)C1=CC=C(C=C1)C(=C2C=CC(=[N+](C)C)C=C2)C3=CC=C(C=C3)N(C)C.[Cl-],LGLFFNDHMLKUMI-UHFFFAOYSA-N,LGLFFNDHMLKUMI
GERANIOL,CC(=CCC/C(=C/CO)/C)C,GLZPCOQZEFWAFX-JXMROGBWSA-N,GLZPCOQZEFWAFX
GLICLAZIDE,CC1=CC=C(C=C1)S(=O)(=O)NC(=O)NN2CC3CCCC3C2,BOVGTQGAOIONJV-UHFFFAOYSA-N,BOVGTQGAOIONJV
GLIMEPIRIDE,CCC1=C(CN(C1=O)C(=O)NCCC2=CC=C(C=C2)S(=O)(=O)NC(=O)NC3CCC(CC3)C)C,WIGIZIANZCJQQY-UHFFFAOYSA-N,WIGIZIANZCJQQY
GLIPIZIDE,CC1=CN=C(C=N1)C(=O)NCCC2=CC=C(C=C2)S(=O)(=O)NC(=O)NC3CCCCC3,ZJJXGWJIGJFDTL-UHFFFAOYSA-N,ZJJXGWJIGJFDTL
GLYBURIDE,COC1=C(C=C(C=C1)Cl)C(=O)NCCC2=CC=C(C=C2)S(=O)(=O)NC(=O)NC3CCCCC3,ZNNLBTZKUZBEKO-UHFFFAOYSA-N,ZNNLBTZKUZBEKO
GLYCIDOL,C1C(O1)CO,CTKINSOISVBQLD-UHFFFAOYSA-N,CTKINSOISVBQLD
GLYCINE,C(C(=O)O)N,DHMQDGOQFOQNFH-UHFFFAOYSA-N,DHMQDGOQFOQNFH
GOLD SODIUM THIOMALATE,C(C(C(=O)[O-])[S-])C(=O)[O-].[Na+].[Na+].[Au+],NJRXVEJTAYWCQJ-UHFFFAOYSA-N,NJRXVEJTAYWCQJ
GRANISETRON,CN1[C@@H]2CCC[C@H]1CC(C2)NC(=O)C3=NN(C4=CC=CC=C43)C,MFWNKCLOYSRHCJ-AGUYFDCRSA-N,MFWNKCLOYSRHCJ
GRISEOFULVIN,C[C@@H]1CC(=O)C=C([C@]12C(=O)C3=C(O2)C(=C(C=C3OC)OC)Cl)OC,DDUHZTYCFQRHIY-RBHXEPJQSA-N,DDUHZTYCFQRHIY
GUANETHIDINE,C1CCCN(CCC1)CCN=C(N)N,ACGDKVXYNVEAGU-UHFFFAOYSA-N,ACGDKVXYNVEAGU
HALOPERIDOL,C1CN(CCC1(C2=CC=C(C=C2)Cl)O)CCCC(=O)C3=CC=C(C=C3)F,LNEPOXFFQSENCJ-UHFFFAOYSA-N,LNEPOXFFQSENCJ
HARRINGTONINE,CC(C)(CC[C@@](CC(=O)OC)(C(=O)O[C@H]1[C@H]2C3=CC4=C(C=C3CCN5[C@@]2(CCC5)C=C1OC)OCO4)O)O,HAVJATCHLFRDHY-KSZYUSJVSA-N,HAVJATCHLFRDHY
"HEXACHLORO-1,3-BUTADIENE",C(=C(Cl)Cl)(C(=C(Cl)Cl)Cl)Cl,RWNKSTSCBHKHTB-UHFFFAOYSA-N,RWNKSTSCBHKHTB
HEXACHLOROETHANE,C(C(Cl)(Cl)Cl)(Cl)(Cl)Cl,VHHHONWQHHHLTI-UHFFFAOYSA-N,VHHHONWQHHHLTI
HEXACHLOROPHENE,C1=C(C(=C(C(=C1Cl)Cl)CC2=C(C(=CC(=C2Cl)Cl)Cl)O)O)Cl,ACGUYXCXAPNIKK-UHFFFAOYSA-N,ACGUYXCXAPNIKK
HYDRALAZINE,C1=CC=C2C(=C1)C=NN=C2NN,RPTUSVTUFVMDQK-UHFFFAOYSA-N,RPTUSVTUFVMDQK
HYDRAZINE,NN,OAKJQQAXSVQMHS-UHFFFAOYSA-N,OAKJQQAXSVQMHS
HYDROCHLOROTHIAZIDE,C1NC2=CC(=C(C=C2S(=O)(=O)N1)S(=O)(=O)N)Cl,JZUFKLXOESDKRF-UHFFFAOYSA-N,JZUFKLXOESDKRF
HYDROCORTISONE,C[C@]12CCC(=O)C=C1CC[C@@H]3[C@@H]2[C@H](C[C@]4([C@H]3CC[C@@]4(C(=O)CO)O)C)O,JYGXADMDTFJGBT-VWUMJDOOSA-N,JYGXADMDTFJGBT
HYDROQUINONE,C1=CC(=CC=C1O)O,QIGBRXMKCJKVMJ-UHFFFAOYSA-N,QIGBRXMKCJKVMJ
HYDROXYUREA,C(=O)(N)NO,VSNHCAURESNICA-UHFFFAOYSA-N,VSNHCAURESNICA
IBUFENAC,CC(C)CC1=CC=C(C=C1)CC(=O)O,CYWFCPPBTWOZSF-UHFFFAOYSA-N,CYWFCPPBTWOZSF
IBUPROFEN,CC(C)CC1=CC=C(C=C1)C(C)C(=O)O,HEFNNWSXXWATRW-UHFFFAOYSA-N,HEFNNWSXXWATRW
IDARUBICIN,C[C@H]1[C@H]([C@H](C[C@@H](O1)O[C@H]2C[C@@](CC3=C2C(=C4C(=C3O)C(=O)C5=CC=CC=C5C4=O)O)(C(=O)C)O)N)O,XDXDZDZNSLXDNA-TZNDIEGXSA-N,XDXDZDZNSLXDNA
IDEBENONE,CC1=C(C(=O)C(=C(C1=O)OC)OC)CCCCCCCCCCO,JGPMMRGNQUBGND-UHFFFAOYSA-N,JGPMMRGNQUBGND
IFOSFAMIDE,C1CN(P(=O)(OC1)NCCCl)CCCl,HOMGKSMUEGBAAB-UHFFFAOYSA-N,HOMGKSMUEGBAAB
IMATINIB,CC1=C(C=C(C=C1)NC(=O)C2=CC=C(C=C2)CN3CCN(CC3)C)NC4=NC=CC(=N4)C5=CN=CC=C5,KTUFNOKKBVMGRW-UHFFFAOYSA-N,KTUFNOKKBVMGRW
INDINAVIR,CC(C)(C)NC(=O)[C@@H]1CN(CCN1C[C@H](C[C@@H](CC2=CC=CC=C2)C(=O)N[C@@H]3[C@@H](CC4=CC=CC=C34)O)O)CC5=CN=CC=C5,CBVCZFGXHXORBI-PXQQMZJSSA-N,CBVCZFGXHXORBI
INDOMETHACIN,CC1=C(C2=C(N1C(=O)C3=CC=C(C=C3)Cl)C=CC(=C2)OC)CC(=O)O,CGIGDMFJXJATDK-UHFFFAOYSA-N,CGIGDMFJXJATDK
INSULIN,CC[C@@H](C)[C@H]1C(=O)N[C@@H]2CSSC[C@@H](C(=O)N[C@@H](CSSC[C@@H](C(=O)NCC(=O)N[C@H](C(=O)N[C@H](C(=O)N[C@H](C(=O)N[C@H](C(=O)N[C@H](C(=O)N[C@H](C(=O)N[C@H](C(=O)N[C@H](C(=O)N[C@H](C(=O)N[C@H](C(=O)N[C@@H](CSSC[C@H](NC(=O)[C@@H](NC(=O)[C@@H](NC(=O)[C@@H](NC(=O)[C@@H](NC(=O)[C@@H](NC(=O)[C@@H](NC(=O)[C@@H](NC(=O)[C@@H](NC2=O)CO)CC(C)C)CC3=CC=C(C=C3)O)CCC(=O)N)CC(C)C)CCC(=O)O)CC(=O)N)CC4=CC=C(C=C4)O)C(=O)N[C@@H](CC(=O)N)C(=O)O)C(=O)NCC(=O)N[C@@H](CCC(=O)O)C(=O)N[C@@H](CCCNC(=N)N)C(=O)NCC(=O)N[C@@H](CC5=CC=CC=C5)C(=O)N[C@@H](CC6=CC=CC=C6)C(=O)N[C@@H](CC7=CC=C(C=C7)O)C(=O)N[C@@H]([C@H](C)O)C(=O)N8CCC[C@H]8C(=O)N[C@@H](CCCCN)C(=O)N[C@@H]([C@H](C)O)C(=O)O)C(C)C)CC(C)C)CC9=CC=C(C=C9)O)CC(C)C)C)CCC(=O)O)C(C)C)CC(C)C)CC2=CNC=N2)CO)NC(=O)[C@H](CC(C)C)NC(=O)[C@H](CC2=CNC=N2)NC(=O)[C@H](CCC(=O)N)NC(=O)[C@H](C(=O)N)NC(=O)[C@H](C(C)C)NC(=O)[C@H](CC2=CC=CC=C2)N)C(=O)N[C@H](C(=O)N[C@H](C(=O)N1)CO)[C@H](C)O)NC(=O)[C@H](CCC(=O)N)NC(=O)[C@H](CCC(=O)O)NC(=O)[C@H](C(C)C)NC(=O)[C@H]([C@H](C)CC)NC(=O)CN,YAJCHEVQCOHZDC-QMMNLEPNSA-N,YAJCHEVQCOHZDC
"INTERLEUKIN 1 BETA, RAT",,,
"INTERLEUKIN 6, RAT",,,
IPRIFLAVONE,CC(C)OC1=CC2=C(C=C1)C(=O)C(=CO2)C3=CC=CC=C3,SFBODOKJTYAUCM-UHFFFAOYSA-N,SFBODOKJTYAUCM
IPRONIAZID,CC(C)NNC(=O)C1=CC=NC=C1,NYMGNSNKLVNMIA-UHFFFAOYSA-N,NYMGNSNKLVNMIA
IRINOTECAN,CCC1=C2CN3C(=CC4=C(C3=O)COC(=O)[C@@]4(CC)O)C2=NC5=C1C=C(C=C5)OC(=O)N6CCC(CC6)N7CCCCC7,UWKQSNNFCGGAFS-XIFFEERXSA-N,UWKQSNNFCGGAFS
ISOEUGENOL,C/C=C/C1=CC(=C(C=C1)O)OC,BJIOGJUNALELMI-ONEGZZNKSA-N,BJIOGJUNALELMI
ISONIAZID,C1=CN=CC=C1C(=O)NN,QRXWMOHMRWLFEY-UHFFFAOYSA-N,QRXWMOHMRWLFEY
ISOPRENALINE,CC(C)NCC(C1=CC(=C(C=C1)O)O)O,JWZZKOKVBUJMES-UHFFFAOYSA-N,JWZZKOKVBUJMES
ISOTRETINOIN,CC1=C(C(CCC1)(C)C)/C=C/C(=C/C=C/C(=C\C(=O)O)/C)/C,SHGAZHPCJJPHSC-XFYACQKRSA-N,SHGAZHPCJJPHSC
ITRACONAZOLE,CCC(C)N1C(=O)N(C=N1)C2=CC=C(C=C2)N3CCN(CC3)C4=CC=C(C=C4)OC[C@H]5CO[C@](O5)(CN6C=NC=N6)C7=C(C=C(C=C7)Cl)Cl,VHVPQPYKVGDNFY-ZPGVKDDISA-N,VHVPQPYKVGDNFY
IVERMECTIN,,,
KANAMYCIN,C1[C@H]([C@@H]([C@H]([C@@H]([C@H]1N)O[C@@H]2[C@@H]([C@H]([C@@H]([C@H](O2)CN)O)O)O)O)O[C@@H]3[C@@H]([C@H]([C@@H]([C@H](O3)CO)O)N)O)N,SBUJHOSQTJFQJX-NOAMYHISSA-N,SBUJHOSQTJFQJX
KETAMINE,CNC1(CCCCC1=O)C2=CC=CC=C2Cl,YQEZLKZALYSWHR-UHFFFAOYSA-N,YQEZLKZALYSWHR
KETOCONAZOLE,CC(=O)N1CCN(CC1)C2=CC=C(C=C2)OC[C@@H]3CO[C@@](O3)(CN4C=CN=C4)C5=C(C=C(C=C5)Cl)Cl,XMAYWYJOQHXEEK-ZEQKJWHPSA-N,XMAYWYJOQHXEEK
KETOPROFEN,CC(C1=CC(=CC=C1)C(=O)C2=CC=CC=C2)C(=O)O,DKYWVDODHFEZIM-UHFFFAOYSA-N,DKYWVDODHFEZIM
KETOROLAC,C1CN2C(=CC=C2C(=O)C3=CC=CC=C3)C1C(=O)O,OZWKMVRBQXNZKK-UHFFFAOYSA-N,OZWKMVRBQXNZKK
L-PHENYLEPHRINE,CNC[C@@H](C1=CC(=CC=C1)O)O,SONNWYBIRXJNDC-VIFPVBQESA-N,SONNWYBIRXJNDC
LABETALOL,CC(CCC1=CC=CC=C1)NCC(C2=CC(=C(C=C2)O)C(=O)N)O,SGUAFYQXFOLMHL-UHFFFAOYSA-N,SGUAFYQXFOLMHL
LACIDIPINE,CCOC(=O)C1=C(NC(=C(C1C2=CC=CC=C2/C=C/C(=O)OC(C)(C)C)C(=O)OCC)C)C,GKQPCPXONLDCMU-CCEZHUSRSA-N,GKQPCPXONLDCMU
LAMIVUDINE,C1[C@H](O[C@H](S1)CO)N2C=CC(=NC2=O)N,JTEGQNOMFQHVDC-NKWVEPMBSA-N,JTEGQNOMFQHVDC
LAMOTRIGINE,C1=CC(=C(C(=C1)Cl)Cl)C2=C(N=C(N=N2)N)N,PYZRQGJRPPTADH-UHFFFAOYSA-N,PYZRQGJRPPTADH
LANSOPRAZOLE,CC1=C(C=CN=C1CS(=O)C2=NC3=CC=CC=C3N2)OCC(F)(F)F,MJIHNNLFOKEZEW-UHFFFAOYSA-N,MJIHNNLFOKEZEW
LEAD (II) ACETATE,CC(=O)[O-].CC(=O)[O-].[Pb+2],QTBSBXVTEAMEQO-UHFFFAOYSA-N,QTBSBXVTEAMEQO
LEAD(IV) ACETATE,CC(=O)[O-].CC(=O)[O-].CC(=O)[O-].CC(=O)[O-].[Pb+2],QTBSBXVTEAMEQO-UHFFFAOYSA-N,QTBSBXVTEAMEQO
LEFLUNOMIDE,CC1=C(C=NO1)C(=O)NC2=CC=C(C=C2)C(F)(F)F,VHOGYURTWQBHIL-UHFFFAOYSA-N,VHOGYURTWQBHIL
LETROZOLE,C1=CC(=CC=C1C#N)C(C2=CC=C(C=C2)C#N)N3C=NC=N3,HPJKCIUCZWXJDR-UHFFFAOYSA-N,HPJKCIUCZWXJDR
LEUCOVORIN,C1C(N(C2=C(N1)N=C(NC2=O)N)C=O)CNC3=CC=C(C=C3)C(=O)N[C@@H](CCC(=O)O)C(=O)O,VVIAGPKUTFNRDU-ABLWVSNPSA-N,VVIAGPKUTFNRDU
LEVAMISOLE,C1CSC2=N[C@H](CN21)C3=CC=CC=C3,HLFSDGLLUJUHTE-SNVBAGLBSA-N,HLFSDGLLUJUHTE
LEVODOPA,C1=CC(=C(C=C1C[C@@H](C(=O)O)N)O)O,WTDRDQBEARUVNC-LURJTMIESA-N,WTDRDQBEARUVNC
LEVOFLOXACIN,C[C@H]1COC2=C3N1C=C(C(=O)C3=CC(=C2N4CCN(CC4)C)F)C(=O)O,GSDSWSVVBLHKDQ-JTQLQIEISA-N,GSDSWSVVBLHKDQ
LEVOSULPIRIDE,CCN1CCC[C@H]1CNC(=O)C2=C(C=CC(=C2)S(=O)(=O)N)OC,BGRJTUBHPOOWDU-NSHDSACASA-N,BGRJTUBHPOOWDU
LIDOCAINE,CCN(CC)CC(=O)NC1=C(C=CC=C1C)C,NNJVILVZKWQKPM-UHFFFAOYSA-N,NNJVILVZKWQKPM
LINCOMYCIN,CCC[C@@H]1C[C@H](N(C1)C)C(=O)N[C@@H]([C@@H]2[C@@H]([C@@H]([C@H]([C@H](O2)SC)O)O)O)[C@@H](C)O,OJMMVQQUTAEWLP-KIDUDLJLSA-N,OJMMVQQUTAEWLP
LIPOPOLYSACCHARIDE E. COLI O55:B5,,,
LISINOPRIL,C1C[C@H](N(C1)C(=O)[C@H](CCCCN)N[C@@H](CCC2=CC=CC=C2)C(=O)O)C(=O)O,RLAWWYSOJDYHDC-BZSNNMDCSA-N,RLAWWYSOJDYHDC
LOMEFLOXACIN,CCN1C=C(C(=O)C2=CC(=C(C(=C21)F)N3CCNC(C3)C)F)C(=O)O,ZEKZLJVOYLTDKK-UHFFFAOYSA-N,ZEKZLJVOYLTDKK
LOMUSTINE,C1CCC(CC1)NC(=O)N(CCCl)N=O,GQYIWUVLTXOXAJ-UHFFFAOYSA-N,GQYIWUVLTXOXAJ
LOPERAMIDE,CN(C)C(=O)C(CCN1CCC(CC1)(C2=CC=C(C=C2)Cl)O)(C3=CC=CC=C3)C4=CC=CC=C4,RDOIQAHITMMDAJ-UHFFFAOYSA-N,RDOIQAHITMMDAJ
LORATADINE,CCOC(=O)N1CCC(=C2C3=C(CCC4=C2N=CC=C4)C=C(C=C3)Cl)CC1,JCCNYMKQOSZNPW-UHFFFAOYSA-N,JCCNYMKQOSZNPW
LORAZEPAM,C1=CC=C(C(=C1)C2=NC(C(=O)NC3=C2C=C(C=C3)Cl)O)Cl,DIWRORZWFLOCLC-UHFFFAOYSA-N,DIWRORZWFLOCLC
LOSARTAN,CCCCC1=NC(=C(N1CC2=CC=C(C=C2)C3=CC=CC=C3C4=NNN=N4)CO)Cl,PSIFNNKUMBGKDQ-UHFFFAOYSA-N,PSIFNNKUMBGKDQ
LOVASTATIN,CC[C@H](C)C(=O)O[C@H]1C[C@H](C=C2[C@H]1[C@H]([C@H](C=C2)C)CC[C@@H]3C[C@H](CC(=O)O3)O)C,PCZOHLXUXFIOCF-BXMDZJJMSA-N,PCZOHLXUXFIOCF
LOXOPROFEN,CC(C1=CC=C(C=C1)CC2CCCC2=O)C(=O)O,YMBXTVYHTMGZDW-UHFFFAOYSA-N,YMBXTVYHTMGZDW
MANGANESE (II) CHLORIDE,Cl[Mn]Cl,WAEMQWOKJMHJLA-UHFFFAOYSA-N,WAEMQWOKJMHJLA
MANNITOL,C([C@H]([C@H]([C@@H]([C@@H](CO)O)O)O)O)O,FBPFZTCFMRRESA-KVTDHHQDSA-N,FBPFZTCFMRRESA
MAPROTILINE,CNCCCC12CCC(C3=CC=CC=C31)C4=CC=CC=C24,QSLMDECMDJKHMQ-UHFFFAOYSA-N,QSLMDECMDJKHMQ
MEBENDAZOLE,COC(=O)NC1=NC2=C(N1)C=C(C=C2)C(=O)C3=CC=CC=C3,OPXLLQIJSORQAM-UHFFFAOYSA-N,OPXLLQIJSORQAM
MEFENAMIC ACID,CC1=C(C(=CC=C1)NC2=CC=CC=C2C(=O)O)C,HYYBABOKPJLUIN-UHFFFAOYSA-N,HYYBABOKPJLUIN
MEGESTROL ACETATE,CC1=C[C@@H]2[C@H](CC[C@]3([C@H]2CC[C@@]3(C(=O)C)OC(=O)C)C)[C@@]4(C1=CC(=O)CC4)C,RQZAXGRLVPAYTJ-GQFGMJRRSA-N,RQZAXGRLVPAYTJ
MELATONIN,CC(=O)NCCC1=CNC2=C1C=C(C=C2)OC,DRLFMBDRBRZALE-UHFFFAOYSA-N,DRLFMBDRBRZALE
MELOXICAM,CC1=CN=C(S1)NC(=O)C2=C(C3=CC=CC=C3S(=O)(=O)N2C)O,ZRVUJXDFFKFLMG-UHFFFAOYSA-N,ZRVUJXDFFKFLMG
MELPHALAN,C1=CC(=CC=C1C[C@@H](C(=O)O)N)N(CCCl)CCCl,SGDBTWWWUNNDEQ-LBPRGKRZSA-N,SGDBTWWWUNNDEQ
MERCURIC CHLORIDE,Cl[Hg]Cl,LWJROJCJINYWOX-UHFFFAOYSA-L,LWJROJCJINYWOX
MEROPENEM,C[C@@H]1[C@@H]2[C@H](C(=O)N2C(=C1S[C@H]3C[C@H](NC3)C(=O)N(C)C)C(=O)O)[C@@H](C)O,DMJNNHOOLUXYBV-PQTSNVLCSA-N,DMJNNHOOLUXYBV
MESNA,C(CS(=O)(=O)[O-])S.[Na+],ZNEWHQLOPFWXOF-UHFFFAOYSA-N,ZNEWHQLOPFWXOF
MESTRANOL,C[C@]12CC[C@H]3[C@H]([C@@H]1CC[C@]2(C#C)O)CCC4=C3C=CC(=C4)OC,IMSSROKUHAOUJS-MJCUULBUSA-N,IMSSROKUHAOUJS
METHAPYRILENE,CN(C)CCN(CC1=CC=CS1)C2=CC=CC=N2,HNJJXZKZRAWDPF-UHFFFAOYSA-N,HNJJXZKZRAWDPF
METHIMAZOLE,CN1C=CNC1=S,PMRYVIKBURPHAH-UHFFFAOYSA-N,PMRYVIKBURPHAH
METHOCARBAMOL,COC1=CC=CC=C1OCC(COC(=O)N)O,GNXFOGHNGIVQEH-UHFFFAOYSA-N,GNXFOGHNGIVQEH
METHOTREXATE,CN(CC1=CN=C2C(=N1)C(=NC(=N2)N)N)C3=CC=C(C=C3)C(=O)N[C@@H](CCC(=O)O)C(=O)O,FBOZXECLQNJBKD-ZDUSSCGKSA-N,FBOZXECLQNJBKD
METHYL METHANESULFONATE,COS(=O)(=O)C,MBABOKRGFJTBAE-UHFFFAOYSA-N,MBABOKRGFJTBAE
METHYL SALICYLATE,COC(=O)C1=CC=CC=C1O,OSWPMRLSEDHDFF-UHFFFAOYSA-N,OSWPMRLSEDHDFF
METHYLDOPA,C[C@](CC1=CC(=C(C=C1)O)O)(C(=O)O)N,CJCSPKMFHVPWAR-JTQLQIEISA-N,CJCSPKMFHVPWAR
METHYLPARABEN,COC(=O)C1=CC=C(C=C1)O,LXCFILQKKLGQFO-UHFFFAOYSA-N,LXCFILQKKLGQFO
METOCLOPRAMIDE,CCN(CC)CCNC(=O)C1=CC(=C(C=C1OC)N)Cl,TTWJBBZEZQICBI-UHFFFAOYSA-N,TTWJBBZEZQICBI
METOPROLOL,CC(C)NCC(COC1=CC=C(C=C1)CCOC)O,IUBSYMUCCVWXPE-UHFFFAOYSA-N,IUBSYMUCCVWXPE
METRONIDAZOLE,CC1=NC=C(N1CCO)[N+](=O)[O-],VAOCPAMSLUNLGC-UHFFFAOYSA-N,VAOCPAMSLUNLGC
MEVASTATIN,CC[C@H](C)C(=O)O[C@H]1CCC=C2[C@H]1[C@H]([C@H](C=C2)C)CC[C@@H]3C[C@H](CC(=O)O3)O,AJLFOPYRIVGYMJ-INTXDZFKSA-N,AJLFOPYRIVGYMJ
MEXILETINE,CC1=C(C(=CC=C1)C)OCC(C)N,VLPIATFUUWWMKC-UHFFFAOYSA-N,VLPIATFUUWWMKC
MIANSERIN,CN1CCN2C(C1)C3=CC=CC=C3CC4=CC=CC=C42,UEQUQVLFIPOEMF-UHFFFAOYSA-N,UEQUQVLFIPOEMF
MICONAZOLE,C1=CC(=C(C=C1Cl)Cl)COC(CN2C=CN=C2)C3=C(C=C(C=C3)Cl)Cl,BYBLEWFAAKGYCD-UHFFFAOYSA-N,BYBLEWFAAKGYCD
MIFEPRISTONE,CC#C[C@@]1(CC[C@@H]2[C@@]1(C[C@@H](C3=C4CCC(=O)C=C4CC[C@@H]23)C5=CC=C(C=C5)N(C)C)C)O,VKHAHZOOUSRJNA-GCNJZUOMSA-N,VKHAHZOOUSRJNA
MINOXIDIL,C1CCN(CC1)C2=NC(=N)N(C(=C2)N)O,ZIMGGGWCDYVHOY-UHFFFAOYSA-N,ZIMGGGWCDYVHOY
MITOMYCIN C,CC1=C(C(=O)C2=C(C1=O)N3C[C@H]4[C@@H]([C@@]3([C@@H]2COC(=O)N)OC)N4)N,NWIBSHFKIJFRCO-WUDYKRTCSA-N,NWIBSHFKIJFRCO
MITOTANE,C1=CC=C(C(=C1)C(C2=CC=C(C=C2)Cl)C(Cl)Cl)Cl,JWBOIMRXGHLCPP-UHFFFAOYSA-N,JWBOIMRXGHLCPP
MITOXANTRONE,C1=CC(=C2C(=C1NCCNCCO)C(=O)C3=C(C=CC(=C3C2=O)O)O)NCCNCCO,KKZJGLLVHKMTCM-UHFFFAOYSA-N,KKZJGLLVHKMTCM
MLN-518,CC(C)OC1=CC=C(C=C1)NC(=O)N2CCN(CC2)C3=NC=NC4=CC(=C(C=C43)OC)OCCCN5CCCCC5,UXXQOJXBIDBUAC-UHFFFAOYSA-N,UXXQOJXBIDBUAC
MOCLOBEMIDE,C1COCCN1CCNC(=O)C2=CC=C(C=C2)Cl,YHXISWVBGDMDLQ-UHFFFAOYSA-N,YHXISWVBGDMDLQ
MODAFINIL,C1=CC=C(C=C1)C(C2=CC=CC=C2)S(=O)CC(=O)N,YFGHCGITMMYXAQ-UHFFFAOYSA-N,YFGHCGITMMYXAQ
MONOCROTALINE,C[C@H]1C(=O)O[C@@H]2CCN3[C@@H]2C(=CC3)COC(=O)[C@]([C@]1(C)O)(C)O,QVCMHGGNRFRMAD-XFGHUUIASA-N,QVCMHGGNRFRMAD
MOSAPRIDE,CCOC1=CC(=C(C=C1C(=O)NCC2CN(CCO2)CC3=CC=C(C=C3)F)Cl)N,YPELFRMCRYSPKZ-UHFFFAOYSA-N,YPELFRMCRYSPKZ
MOXONIDINE,CC1=NC(=C(C(=N1)Cl)NC2=NCCN2)OC,WPNJAUFVNXKLIM-UHFFFAOYSA-N,WPNJAUFVNXKLIM
MYCOPHENOLATE MOFETIL,CC1=C2COC(=O)C2=C(C(=C1OC)C/C=C(\C)/CCC(=O)OCCN3CCOCC3)O,RTGDFNSFWBGLEC-SYZQJQIISA-N,RTGDFNSFWBGLEC
MYRTECAINE,CCN(CC)CCOCCC1=CC[C@H]2C[C@@H]1C2(C)C,BZRYYBWNOUALTQ-HOTGVXAUSA-N,BZRYYBWNOUALTQ
"N,N''-DIPHENYL-P-PHENYLENEDIAMINE",C1=CC=C(C=C1)NC2=CC=C(C=C2)NC3=CC=CC=C3,UTGQNNCQYDRXCH-UHFFFAOYSA-N,UTGQNNCQYDRXCH
"N,N-DIMETHYLFORMAMIDE",CN(C)C=O,ZMXDDKWLCZADIW-UHFFFAOYSA-N,ZMXDDKWLCZADIW
N-NITROSODIETHYLAMINE,CCN(CC)N=O,WBNQDOYYEUMPFS-UHFFFAOYSA-N,WBNQDOYYEUMPFS
N-NITROSODIMETHYLAMINE,CN(C)N=O,UMFJAHHVKNCGLG-UHFFFAOYSA-N,UMFJAHHVKNCGLG
NABUMETONE,CC(=O)CCC1=CC2=C(C=C1)C=C(C=C2)OC,BLXXJMDCKKHMKV-UHFFFAOYSA-N,BLXXJMDCKKHMKV
NADOLOL,CC(C)(C)NCC(COC1=CC=CC2=C1C[C@@H]([C@@H](C2)O)O)O,VWPOSFSPZNDTMJ-UCWKZMIHSA-N,VWPOSFSPZNDTMJ
NAFENOPIN,CC(C)(C(=O)O)OC1=CC=C(C=C1)C2CCCC3=CC=CC=C23,XJGBDJOMWKAZJS-UHFFFAOYSA-N,XJGBDJOMWKAZJS
NALOXONE,C=CCN1CC[C@]23[C@@H]4C(=O)CC[C@]2([C@H]1CC5=C3C(=C(C=C5)O)O4)O,UZHSEJADLWPNLE-GRGSLBFTSA-N,UZHSEJADLWPNLE
NAPROXEN,C[C@@H](C1=CC2=C(C=C1)C=C(C=C2)OC)C(=O)O,CMWTZPSULFXXJA-VIFPVBQESA-N,CMWTZPSULFXXJA
NATEGLINIDE,CC(C)C1CCC(CC1)C(=O)N[C@H](CC2=CC=CC=C2)C(=O)O,OELFLUMRDSZNSF-OFLPRAFFSA-N,OELFLUMRDSZNSF
NEOMYCIN,C1[C@H]([C@@H]([C@H]([C@@H]([C@H]1N)O[C@@H]2[C@@H]([C@H]([C@@H]([C@H](O2)CN)O)O)N)O[C@H]3[C@@H]([C@@H]([C@H](O3)CO)O[C@@H]4[C@@H]([C@H]([C@@H]([C@@H](O4)CN)O)O)N)O)O)N,PGBHMTALBVVCIT-VCIWKGPPSA-N,PGBHMTALBVVCIT
NEOSTIGMINE BROMIDE,CN(C)C(=O)OC1=CC=CC(=C1)[N+](C)(C)C.[Br-],ALWKGYPQUAPLQC-UHFFFAOYSA-N,ALWKGYPQUAPLQC
NETILMICIN,CCN[C@@H]1C[C@@H]([C@H]([C@@H]([C@H]1O[C@@H]2[C@@H]([C@H]([C@@](CO2)(C)O)NC)O)O)O[C@@H]3[C@@H](CC=C(O3)CN)N)N,CIDUJQMULVCIBT-MQDUPKMGSA-N,CIDUJQMULVCIBT
NEVIRAPINE,CC1=C2C(=NC=C1)N(C3=C(C=CC=N3)C(=O)N2)C4CC4,NQDJXKOVJZTUJA-UHFFFAOYSA-N,NQDJXKOVJZTUJA
NIACIN,C1=CC(=CN=C1)C(=O)O,PVNIIMVLHYAWGP-UHFFFAOYSA-N,PVNIIMVLHYAWGP
NIACINAMIDE,C1=CC(=CN=C1)C(=O)N,DFPAKSUCGFBDDF-UHFFFAOYSA-N,DFPAKSUCGFBDDF
NICOTINE,CN1CCC[C@H]1C2=CN=CC=C2,SNICXCGAKADSCV-JTQLQIEISA-N,SNICXCGAKADSCV
NIFEDIPINE,CC1=C(C(C(=C(N1)C)C(=O)OC)C2=CC=CC=C2[N+](=O)[O-])C(=O)OC,HYIMSNHJOBLJNT-UHFFFAOYSA-N,HYIMSNHJOBLJNT
NIMESULIDE,CS(=O)(=O)NC1=C(C=C(C=C1)[N+](=O)[O-])OC2=CC=CC=C2,HYWYRSMBCFDLJT-UHFFFAOYSA-N,HYWYRSMBCFDLJT
NIMETAZEPAM,CN1C(=O)CN=C(C2=C1C=CC(=C2)[N+](=O)[O-])C3=CC=CC=C3,GWUSZQUVEVMBPI-UHFFFAOYSA-N,GWUSZQUVEVMBPI
NIMODIPINE,CC1=C(C(C(=C(N1)C)C(=O)OC(C)C)C2=CC(=CC=C2)[N+](=O)[O-])C(=O)OCCOC,UIAGMCDKSXEBJQ-UHFFFAOYSA-N,UIAGMCDKSXEBJQ
NISOLDIPINE,CC1=C(C(C(=C(N1)C)C(=O)OCC(C)C)C2=CC=CC=C2[N+](=O)[O-])C(=O)OC,VKQFCGNPDRICFG-UHFFFAOYSA-N,VKQFCGNPDRICFG
NITRAZEPAM,C1C(=O)NC2=C(C=C(C=C2)[N+](=O)[O-])C(=N1)C3=CC=CC=C3,KJONHKAYOJNZEC-UHFFFAOYSA-N,KJONHKAYOJNZEC
NITRENDIPINE,CCOC(=O)C1=C(NC(=C(C1C2=CC(=CC=C2)[N+](=O)[O-])C(=O)OC)C)C,PVHUJELLJLJGLN-UHFFFAOYSA-N,PVHUJELLJLJGLN
NITROBENZENE,C1=CC=C(C=C1)[N+](=O)[O-],LQNUZADURLCDLV-UHFFFAOYSA-N,LQNUZADURLCDLV
NITROFURANTOIN,C1C(=O)NC(=O)N1/N=C/C2=CC=C(O2)[N+](=O)[O-],NXFQHRVNIOXGAQ-YCRREMRBSA-N,NXFQHRVNIOXGAQ
NIZATIDINE,CNC(=C[N+](=O)[O-])NCCSCC1=CSC(=N1)CN(C)C,SGXXNSQHWDMGGP-UHFFFAOYSA-N,SGXXNSQHWDMGGP
NOREPINEPHRINE,C1=CC(=C(C=C1[C@H](CN)O)O)O,SFLSHLFXELFNJZ-QMMMGPOBSA-N,SFLSHLFXELFNJZ
NORETHINDRONE,C[C@]12CC[C@H]3[C@H]([C@@H]1CC[C@]2(C#C)O)CCC4=CC(=O)CC[C@H]34,VIKNJXKGJWUCNN-XGXHKTLJSA-N,VIKNJXKGJWUCNN
NORETHINDRONE ACETATE,CC(=O)O[C@]1(CC[C@@H]2[C@@]1(CC[C@H]3[C@H]2CCC4=CC(=O)CC[C@H]34)C)C#C,IMONTRJLAWHYGT-ZCPXKWAGSA-N,IMONTRJLAWHYGT
NORFLOXACIN,CCN1C=C(C(=O)C2=CC(=C(C=C21)N3CCNCC3)F)C(=O)O,OGJPXUAPXNRGGI-UHFFFAOYSA-N,OGJPXUAPXNRGGI
NORTRIPTYLINE,CNCCC=C1C2=CC=CC=C2CCC3=CC=CC=C31,PHVGLTMQBUFIQQ-UHFFFAOYSA-N,PHVGLTMQBUFIQQ
NOSCAPINE,CN1CCC2=CC3=C(C(=C2[C@@H]1[C@@H]4C5=C(C(=C(C=C5)OC)OC)C(=O)O4)OC)OCO3,AKNNEGZIBPJZJG-MSOLQXFVSA-N,AKNNEGZIBPJZJG
NYSTATIN,C[C@H]1/C=C/C=C/CC/C=C/C=C/C=C/C=C/C(CC2C(C(C[C@](O2)(CC(C(CCC(CC(CC(CC(=O)O[C@H]([C@@H]([C@@H]1O)C)C)O)O)O)O)O)O)O)C(=O)O)O[C@@H]3[C@H]([C@H]([C@@H]([C@H](O3)C)O)N)O,VQOXZBDYSJBXMA-RKEBNKJGSA-N,VQOXZBDYSJBXMA
OFLOXACIN,CC1COC2=C3N1C=C(C(=O)C3=CC(=C2N4CCN(CC4)C)F)C(=O)O,GSDSWSVVBLHKDQ-UHFFFAOYSA-N,GSDSWSVVBLHKDQ
OLANZAPINE,CC1=CC2=C(S1)NC3=CC=CC=C3N=C2N4CCN(CC4)C,KVWDHTXUZHCGIO-UHFFFAOYSA-N,KVWDHTXUZHCGIO
OMEPRAZOLE,CC1=CN=C(C(=C1OC)C)CS(=O)C2=NC3=C(N2)C=C(C=C3)OC,SUBDBMMJDZJVOS-UHFFFAOYSA-N,SUBDBMMJDZJVOS
ONDANSETRON,CC1=NC=CN1CC2CCC3=C(C2=O)C4=CC=CC=C4N3C,FELGMEQIXOGIFQ-UHFFFAOYSA-N,FELGMEQIXOGIFQ
OUABAIN,C[C@H]1[C@@H]([C@H]([C@H]([C@@H](O1)O[C@H]2C[C@H]([C@@]3([C@@H]4[C@@H](CC[C@@]3(C2)O)[C@]5(CC[C@@H]([C@]5(C[C@H]4O)C)C6=CC(=O)OC6)O)CO)O)O)O)O,LPMXVESGRSUGHW-HBYQJFLCSA-N,LPMXVESGRSUGHW
OXALIPLATIN,C1CC[C@H]([C@@H](C1)[NH-])[NH-].C(=O)(C(=O)O)O.[Pt+2],SSJXIUAHEKJCMH-PHDIDXHHSA-N,SSJXIUAHEKJCMH
OXAPROZIN,C1=CC=C(C=C1)C2=C(OC(=N2)CCC(=O)O)C3=CC=CC=C3,OFPXSFXSNFPTHF-UHFFFAOYSA-N,OFPXSFXSNFPTHF
OXCARBAZEPINE,C1C2=CC=CC=C2N(C3=CC=CC=C3C1=O)C(=O)N,CTRLABGOLIVAIY-UHFFFAOYSA-N,CTRLABGOLIVAIY
OXFENDAZOLE,COC(=O)NC1=NC2=C(N1)C=C(C=C2)S(=O)C3=CC=CC=C3,BEZZFPOZAYTVHN-UHFFFAOYSA-N,BEZZFPOZAYTVHN
OXICONAZOLE,C1=CC(=C(C=C1Cl)Cl)CO/N=C(\CN2C=CN=C2)/C3=C(C=C(C=C3)Cl)Cl,QRJJEGAJXVEBNE-HKOYGPOVSA-N,QRJJEGAJXVEBNE
OXYBUTYNIN,CCN(CC)CC#CCOC(=O)C(C1CCCCC1)(C2=CC=CC=C2)O,XIQVNETUBQGFHX-UHFFFAOYSA-N,XIQVNETUBQGFHX
OXYMETAZOLINE,CC1=CC(=C(C(=C1CC2=NCCN2)C)O)C(C)(C)C,WYWIFABBXFUGLM-UHFFFAOYSA-N,WYWIFABBXFUGLM
OXYMETHOLONE,C[C@]12CC[C@H]3[C@H]([C@@H]1CC[C@]2(C)O)CC[C@@H]4[C@@]3(C/C(=C/O)/C(=O)C4)C,ICMWWNHDUZJFDW-DHODBPELSA-N,ICMWWNHDUZJFDW
OXYQUINOLINE,C1=CC2=C(C(=C1)O)N=CC=C2,MCJGNVYPOGVAJF-UHFFFAOYSA-N,MCJGNVYPOGVAJF
OXYTETRACYCLINE,C[C@@]1([C@H]2[C@@H]([C@H]3[C@@H](C(=O)C(=C([C@]3(C(=O)C2=C(C4=C1C=CC=C4O)O)O)O)C(=O)N)N(C)C)O)O,OWFJMIVZYSDULZ-PXOLEDIWSA-N,OWFJMIVZYSDULZ
PANTOPRAZOLE,COC1=C(C(=NC=C1)CS(=O)C2=NC3=C(N2)C=C(C=C3)OC(F)F)OC,IQPSEEYGBUAQFF-UHFFFAOYSA-N,IQPSEEYGBUAQFF
PAPAVERINE,COC1=C(C=C(C=C1)CC2=NC=CC3=CC(=C(C=C32)OC)OC)OC,XQYZDYMELSJDRZ-UHFFFAOYSA-N,XQYZDYMELSJDRZ
PAROXETINE,C1CNC[C@H]([C@@H]1C2=CC=C(C=C2)F)COC3=CC4=C(C=C3)OCO4,AHOUBRCZNHFOSL-YOEHRIQHSA-N,AHOUBRCZNHFOSL
PEMOLINE,C1=CC=C(C=C1)C2C(=O)N=C(O2)N,NRNCYVBFPDDJNE-UHFFFAOYSA-N,NRNCYVBFPDDJNE
PENCICLOVIR,C1=NC2=C(N1CCC(CO)CO)N=C(NC2=O)N,JNTOCHDNEULJHD-UHFFFAOYSA-N,JNTOCHDNEULJHD
PENICILLAMINE,CC(C)([C@H](C(=O)O)N)S,VVNCNSJFMMFHPL-VKHMYHEASA-N,VVNCNSJFMMFHPL
PENICILLIN G,CC1([C@@H](N2[C@H](S1)[C@@H](C2=O)NC(=O)CC3=CC=CC=C3)C(=O)O)C,JGSARLDLIJGVTE-MBNYWOFBSA-N,JGSARLDLIJGVTE
PENTAMIDINE,C1=CC(=CC=C1C(=N)N)OCCCCCOC2=CC=C(C=C2)C(=N)N,XDRYMKDFEDOLFX-UHFFFAOYSA-N,XDRYMKDFEDOLFX
PENTOBARBITAL,CCCC(C)C1(C(=O)NC(=O)NC1=O)CC,WEXRUCMBJFQVBZ-UHFFFAOYSA-N,WEXRUCMBJFQVBZ
PENTOXIFYLLINE,CC(=O)CCCCN1C(=O)C2=C(N=CN2C)N(C1=O)C,BYPFEZZEUUWMEJ-UHFFFAOYSA-N,BYPFEZZEUUWMEJ
PERGOLIDE,CCCN1C[C@@H](C[C@H]2[C@H]1CC3=CNC4=CC=CC2=C34)CSC,YEHCICAEULNIGD-MZMPZRCHSA-N,YEHCICAEULNIGD
PERHEXILINE,C1CCC(CC1)C(CC2CCCCN2)C3CCCCC3,CYXKNKQEMFBLER-UHFFFAOYSA-N,CYXKNKQEMFBLER
PHENACEMIDE,C1=CC=C(C=C1)CC(=O)NC(=O)N,XPFRXWCVYUEORT-UHFFFAOYSA-N,XPFRXWCVYUEORT
PHENACETIN,CCOC1=CC=C(C=C1)NC(=O)C,CPJSUEIXXCENMM-UHFFFAOYSA-N,CPJSUEIXXCENMM
PHENELZINE,C1=CC=C(C=C1)CCNN,RMUCZJUITONUFY-UHFFFAOYSA-N,RMUCZJUITONUFY
PHENOBARBITAL,CCC1(C(=O)NC(=O)NC1=O)C2=CC=CC=C2,DDBREPKUVSBGFI-UHFFFAOYSA-N,DDBREPKUVSBGFI
PHENOTHIAZINE,C1=CC=C2C(=C1)NC3=CC=CC=C3S2,WJFKNYWRSNBZNX-UHFFFAOYSA-N,WJFKNYWRSNBZNX
PHENTOLAMINE,CC1=CC=C(C=C1)N(CC2=NCCN2)C3=CC(=CC=C3)O,MRBDMNSDAVCSSF-UHFFFAOYSA-N,MRBDMNSDAVCSSF
PHENYLBUTAZONE,CCCCC1C(=O)N(N(C1=O)C2=CC=CC=C2)C3=CC=CC=C3,VYMDGNCVAMGZFE-UHFFFAOYSA-N,VYMDGNCVAMGZFE
PHENYLHYDRAZINE,C1=CC=C(C=C1)NN,HKOOXMFOFWEVGF-UHFFFAOYSA-N,HKOOXMFOFWEVGF
PHENYTOIN,C1=CC=C(C=C1)C2(C(=O)NC(=O)N2)C3=CC=CC=C3,CXOFVDLJLONNDW-UHFFFAOYSA-N,CXOFVDLJLONNDW
PICLAMILAST,COC1=C(C=C(C=C1)C(=O)NC2=C(C=NC=C2Cl)Cl)OC3CCCC3,RRRUXBQSQLKHEL-UHFFFAOYSA-N,RRRUXBQSQLKHEL
PIOGLITAZONE,CCC1=CN=C(C=C1)CCOC2=CC=C(C=C2)CC3C(=O)NC(=O)S3,HYAFETHFCAUJAY-UHFFFAOYSA-N,HYAFETHFCAUJAY
PIRACETAM,C1CC(=O)N(C1)CC(=O)N,GMZVRMREEHBGGF-UHFFFAOYSA-N,GMZVRMREEHBGGF
PIRINIXIC ACID,CC1=C(C(=CC=C1)NC2=CC(=NC(=N2)SCC(=O)O)Cl)C,SZRPDCCEHVWOJX-UHFFFAOYSA-N,SZRPDCCEHVWOJX
PIROXICAM,CN1C(=C(C2=CC=CC=C2S1(=O)=O)O)C(=O)NC3=CC=CC=N3,QYSPLQLAKJAUJT-UHFFFAOYSA-N,QYSPLQLAKJAUJT
PODOPHYLLOTOXIN,COC1=CC(=CC(=C1OC)OC)[C@H]2[C@@H]3[C@H](COC3=O)[C@H](C4=CC5=C(C=C24)OCO5)O,YJGVMLPVUAXIQN-XVVDYKMHSA-N,YJGVMLPVUAXIQN
PRALIDOXIME CHLORIDE,C[N+]1=CC=CC=C1/C=N/O.[Cl-],JBKPUQTUERUYQE-UHFFFAOYSA-O,JBKPUQTUERUYQE
PRAMOXINE,CCCCOC1=CC=C(C=C1)OCCCN2CCOCC2,DQKXQSGTHWVTAD-UHFFFAOYSA-N,DQKXQSGTHWVTAD
PRAVASTATIN,CC[C@H](C)C(=O)O[C@H]1C[C@@H](C=C2[C@H]1[C@H]([C@H](C=C2)C)CC[C@H](C[C@H](CC(=O)O)O)O)O,TUZYXOIXSAXUGO-PZAWKZKUSA-N,TUZYXOIXSAXUGO
PRAZIQUANTEL,C1CCC(CC1)C(=O)N2CC3C4=CC=CC=C4CCN3C(=O)C2,FSVJFNAIGNNGKK-UHFFFAOYSA-N,FSVJFNAIGNNGKK
PRAZOSIN,COC1=C(C=C2C(=C1)C(=NC(=N2)N3CCN(CC3)C(=O)C4=CC=CO4)N)OC,IENZQIKPVFGBNW-UHFFFAOYSA-N,IENZQIKPVFGBNW
PREDNISOLONE,C[C@]12C[C@@H]([C@H]3[C@H]([C@@H]1CC[C@@]2(C(=O)CO)O)CCC4=CC(=O)C=C[C@]34C)O,OIGNJSKKLXVSLS-VWUMJDOOSA-N,OIGNJSKKLXVSLS
PREDNISONE,C[C@]12CC(=O)[C@H]3[C@H]([C@@H]1CC[C@@]2(C(=O)CO)O)CCC4=CC(=O)C=C[C@]34C,XOFYZVNMUHMLCC-ZPOLXVRWSA-N,XOFYZVNMUHMLCC
PRIMAQUINE,CC(CCCN)NC1=C2C(=CC(=C1)OC)C=CC=N2,INDBQLZJXZLFIT-UHFFFAOYSA-N,INDBQLZJXZLFIT
PRIMIDONE,CCC1(C(=O)NCNC1=O)C2=CC=CC=C2,DQMZLTXERSFNPB-UHFFFAOYSA-N,DQMZLTXERSFNPB
PROBENECID,CCCN(CCC)S(=O)(=O)C1=CC=C(C=C1)C(=O)O,DBABZHXKTCFAPX-UHFFFAOYSA-N,DBABZHXKTCFAPX
PROCAINAMIDE,CCN(CC)CCNC(=O)C1=CC=C(C=C1)N,REQCZEXYDRLIBE-UHFFFAOYSA-N,REQCZEXYDRLIBE
PROCAINE,CCN(CC)CCOC(=O)C1=CC=C(C=C1)N,MFDFERRIHVXMIY-UHFFFAOYSA-N,MFDFERRIHVXMIY
PROCARBAZINE,CC(C)NC(=O)C1=CC=C(C=C1)CNNC,CPTBDICYNRMXFX-UHFFFAOYSA-N,CPTBDICYNRMXFX
PROCHLORPERAZINE,CN1CCN(CC1)CCCN2C3=CC=CC=C3SC4=C2C=C(C=C4)Cl,WIKYUJGCLQQFNW-UHFFFAOYSA-N,WIKYUJGCLQQFNW
PROGESTERONE,CC(=O)[C@H]1CC[C@@H]2[C@@]1(CC[C@H]3[C@H]2CCC4=CC(=O)CC[C@]34C)C,RJKFOVLPORLFTN-LEKSSAKUSA-N,RJKFOVLPORLFTN
PROGLUMIDE,CCCN(CCC)C(=O)C(CCC(=O)O)NC(=O)C1=CC=CC=C1,DGMKFQYCZXERLX-UHFFFAOYSA-N,DGMKFQYCZXERLX
PROMAZINE,CN(C)CCCN1C2=CC=CC=C2SC3=CC=CC=C31,ZGUGWUXLJSTTMA-UHFFFAOYSA-N,ZGUGWUXLJSTTMA
PROMETHAZINE,CC(CN1C2=CC=CC=C2SC3=CC=CC=C31)N(C)C,PWWVAXIEGOYWEE-UHFFFAOYSA-N,PWWVAXIEGOYWEE
PROPRANOLOL,CC(C)NCC(COC1=CC=CC2=CC=CC=C21)O,AQHHHDLHHXJYJD-UHFFFAOYSA-N,AQHHHDLHHXJYJD
PROPYLENE GLYCOL,CC(CO)O,DNIAPMSPPWPWGF-UHFFFAOYSA-N,DNIAPMSPPWPWGF
PROPYLTHIOURACIL,CCCC1=CC(=O)NC(=S)N1,KNAHARQHSZJURB-UHFFFAOYSA-N,KNAHARQHSZJURB
PYRAZINAMIDE,C1=CN=C(C=N1)C(=O)N,IPEHBUMCGVEMRF-UHFFFAOYSA-N,IPEHBUMCGVEMRF
PYRIDINE,C1=CC=NC=C1,JUJWROOIHBZHMG-UHFFFAOYSA-N,JUJWROOIHBZHMG
PYRILAMINE,CN(C)CCN(CC1=CC=C(C=C1)OC)C2=CC=CC=N2,YECBIJXISLIIDS-UHFFFAOYSA-N,YECBIJXISLIIDS
PYROGALLOL,C1=CC(=C(C(=C1)O)O)O,WQGWDDDVZFFDIG-UHFFFAOYSA-N,WQGWDDDVZFFDIG
QUETIAPINE,C1CN(CCN1CCOCCO)C2=NC3=CC=CC=C3SC4=CC=CC=C42,URKOMYMAXPYINW-UHFFFAOYSA-N,URKOMYMAXPYINW
QUINAPRIL,CCOC(=O)[C@H](CCC1=CC=CC=C1)N[C@@H](C)C(=O)N2CC3=CC=CC=C3C[C@H]2C(=O)O,JSDRRTOADPPCHY-HSQYWUDLSA-N,JSDRRTOADPPCHY
RABEPRAZOLE,CC1=C(C=CN=C1CS(=O)C2=NC3=CC=CC=C3N2)OCCCOC,YREYEVIYCVEVJK-UHFFFAOYSA-N,YREYEVIYCVEVJK
RACEPINEPHRINE,CNCC(C1=CC(=C(C=C1)O)O)O,UCTWMZQNUQWSLP-UHFFFAOYSA-N,UCTWMZQNUQWSLP
RALOXIFENE,C1CCN(CC1)CCOC2=CC=C(C=C2)C(=O)C3=C(SC4=C3C=CC(=C4)O)C5=CC=C(C=C5)O,GZUITABIAKMVPG-UHFFFAOYSA-N,GZUITABIAKMVPG
RAMIPRIL,CCOC(=O)[C@H](CCC1=CC=CC=C1)N[C@@H](C)C(=O)N2[C@H]3CCC[C@H]3C[C@H]2C(=O)O,HDACQVRGBOVJII-JBDAPHQKSA-N,HDACQVRGBOVJII
RANITIDINE,CN/C(=C\[N+](=O)[O-])/NCCSCC1=CC=C(O1)CN(C)C,VMXUWOKSQNHOCA-UKTHLTGXSA-N,VMXUWOKSQNHOCA
RAPAMYCIN,C[C@@H]1CC[C@H]2C[C@@H](/C(=C/C=C/C=C/[C@H](C[C@H](C(=O)[C@@H]([C@@H](/C(=C/[C@H](C(=O)C[C@H](OC(=O)[C@@H]3CCCCN3C(=O)C(=O)[C@@]1(O2)O)[C@H](C)C[C@@H]4CC[C@H]([C@@H](C4)OC)O)C)/C)O)OC)C)C)/C)OC,QFJCIRLUMZQUOT-HPLJOQBZSA-N,QFJCIRLUMZQUOT
RIFABUTIN,C[C@H]1/C=C/C=C(\C(=O)NC2=C(C3=C(C4=C(C(=C3O)C)O[C@@](C4=O)(O/C=C/[C@@H]([C@H]([C@H]([C@@H]([C@@H]([C@@H]([C@H]1O)C)O)C)OC(=O)C)C)OC)C)C5=NC6(CCN(CC6)CC(C)C)N=C25)O)/C,AZFBLLCNOQPJGJ-VXTBVIBXSA-N,AZFBLLCNOQPJGJ
RIFAMPIN,C[C@H]1/C=C/C=C(\C(=O)NC2=C(C(=C3C(=C2O)C(=C(C4=C3C(=O)[C@](O4)(O/C=C/[C@@H]([C@H]([C@H]([C@@H]([C@@H]([C@@H]([C@H]1O)C)O)C)OC(=O)C)C)OC)C)C)O)O)/C=N/N5CCN(CC5)C)/C,JQXXHWHPUNPDRT-WLSIYKJHSA-N,JQXXHWHPUNPDRT
RIFAPENTINE,C[C@H]1/C=C/C=C(\C(=O)NC2=C(C(=C3C(=C2O)C(=C(C4=C3C(=O)[C@](O4)(O/C=C/[C@@H]([C@H]([C@H]([C@@H]([C@@H]([C@@H]([C@H]1O)C)O)C)OC(=O)C)C)OC)C)C)O)O)/C=N/N5CCN(CC5)C6CCCC6)/C,WDZCUPBHRAEYDL-GZAUEHORSA-N,WDZCUPBHRAEYDL
RISPERIDONE,CC1=C(C(=O)N2CCCCC2=N1)CCN3CCC(CC3)C4=NOC5=C4C=CC(=C5)F,RAPZEAPATHNIPO-UHFFFAOYSA-N,RAPZEAPATHNIPO
RITONAVIR,CC(C)C1=NC(=CS1)CN(C)C(=O)N[C@@H](C(C)C)C(=O)N[C@@H](CC2=CC=CC=C2)C[C@@H]([C@H](CC3=CC=CC=C3)NC(=O)OCC4=CN=CS4)O,NCDNCNXCDXHOMX-XGKFQTDJSA-N,NCDNCNXCDXHOMX
ROFECOXIB,CS(=O)(=O)C1=CC=C(C=C1)C2=C(C(=O)OC2)C3=CC=CC=C3,RZJQGNCSTQAWON-UHFFFAOYSA-N,RZJQGNCSTQAWON
ROFLUMILAST,C1CC1COC2=C(C=CC(=C2)C(=O)NC3=C(C=NC=C3Cl)Cl)OC(F)F,MNDBXUUTURYVHR-UHFFFAOYSA-N,MNDBXUUTURYVHR
ROLIPRAM,COC1=C(C=C(C=C1)C2CC(=O)NC2)OC3CCCC3,HJORMJIFDVBMOB-UHFFFAOYSA-N,HJORMJIFDVBMOB
ROSIGLITAZONE,CN(CCOC1=CC=C(C=C1)CC2C(=O)NC(=O)S2)C3=CC=CC=N3,YASAKCUCGLMORW-UHFFFAOYSA-N,YASAKCUCGLMORW
ROXARSONE,C1=CC(=C(C=C1[As](=O)(O)O)[N+](=O)[O-])O,XMVJITFPVVRMHC-UHFFFAOYSA-N,XMVJITFPVVRMHC
ROXITHROMYCIN,CC[C@@H]1[C@@]([C@@H]([C@H](/C(=N/OCOCCOC)/[C@@H](C[C@@]([C@@H]([C@H]([C@@H]([C@H](C(=O)O1)C)O[C@H]2C[C@@]([C@H]([C@@H](O2)C)O)(C)OC)C)O[C@H]3[C@@H]([C@H](C[C@H](O3)C)N(C)C)O)(C)O)C)C)O)(C)O,RXZBMPWDPOLZGW-XMRMVWPWSA-N,RXZBMPWDPOLZGW
S(-)-CARBIDOPA,C[C@](CC1=CC(=C(C=C1)O)O)(C(=O)O)NN,TZFNLOMSOLWIDK-JTQLQIEISA-N,TZFNLOMSOLWIDK
SAFROLE,C=CCC1=CC2=C(C=C1)OCO2,ZMQAAUBTXCXRIC-UHFFFAOYSA-N,ZMQAAUBTXCXRIC
SALICYLAMIDE,C1=CC=C(C(=C1)C(=O)N)O,SKZKKFZAGNVIMN-UHFFFAOYSA-N,SKZKKFZAGNVIMN
SALICYLIC ACID,C1=CC=C(C(=C1)C(=O)O)O,YGSDEFSMJLZEOE-UHFFFAOYSA-N,YGSDEFSMJLZEOE
SAQUINAVIR,CC(C)(C)NC(=O)[C@@H]1C[C@@H]2CCCC[C@@H]2CN1C[C@H]([C@H](CC3=CC=CC=C3)NC(=O)[C@H](CC(=O)N)NC(=O)C4=NC5=CC=CC=C5C=C4)O,QWAXKHKRTORLEM-UGJKXSETSA-N,QWAXKHKRTORLEM
SCH-351591,COC1=C2C(=C(C=C1)C(=O)N=C3C(=CN(C=C3Cl)O)Cl)C=CC(=N2)C(F)(F)F,NPGREARFJMFTDF-UHFFFAOYSA-N,NPGREARFJMFTDF
SECOBARBITAL,CCCC(C)C1(C(=O)NC(=O)NC1=O)CC=C,KQPKPCNLIDLUMF-UHFFFAOYSA-N,KQPKPCNLIDLUMF
SERTRALINE,CN[C@H]1CC[C@H](C2=CC=CC=C12)C3=CC(=C(C=C3)Cl)Cl,VGKDLMBJGBXTGI-SJCJKPOMSA-N,VGKDLMBJGBXTGI
SIBUTRAMINE,CC(C)CC(C1(CCC1)C2=CC=C(C=C2)Cl)N(C)C,UNAANXDKBXWMLN-UHFFFAOYSA-N,UNAANXDKBXWMLN
SILDENAFIL,CCCC1=NN(C2=C1N=C(NC2=O)C3=C(C=CC(=C3)S(=O)(=O)N4CCN(CC4)C)OCC)C,BNRNXUUZRGQAQC-UHFFFAOYSA-N,BNRNXUUZRGQAQC
SIMVASTATIN,CCC(C)(C)C(=O)O[C@H]1C[C@H](C=C2[C@H]1[C@H]([C@H](C=C2)C)CC[C@@H]3C[C@H](CC(=O)O3)O)C,RYMZZMVNJRMUDD-HGQWONQESA-N,RYMZZMVNJRMUDD
SISOMICIN,C[C@@]1(CO[C@@H]([C@@H]([C@H]1NC)O)O[C@H]2[C@@H](C[C@@H]([C@H]([C@@H]2O)O[C@@H]3[C@@H](CC=C(O3)CN)N)N)N)O,URWAJWIAIPFPJE-YFMIWBNJSA-N,URWAJWIAIPFPJE
SODIUM ARSENITE,[O-][As]=O.[Na+],XHTRYVMKFMUJLU-UHFFFAOYSA-N,XHTRYVMKFMUJLU
SODIUM NITROPRUSSIDE,[C-]#N.[C-]#N.[C-]#N.[C-]#N.[C-]#N.N#[O+].[Na+].[Na+].[Fe+2],KEJOCWOXCDWNID-UHFFFAOYSA-N,KEJOCWOXCDWNID
SODIUM ORTHOVANADATE,[O-][V](=O)([O-])[O-].[Na+].[Na+].[Na+],HUPKXGGEAYDGKT-UHFFFAOYSA-N,HUPKXGGEAYDGKT
SODIUM SELENATE,[O-][Se](=O)(=O)[O-].[Na+].[Na+],QYHFIVBSNOWOCQ-UHFFFAOYSA-N,QYHFIVBSNOWOCQ
SODIUM SELENITE,[O-][Se](=O)[O-].[Na+].[Na+],MCAHWIHFGHIESP-UHFFFAOYSA-N,MCAHWIHFGHIESP
SOTALOL,CC(C)NCC(C1=CC=C(C=C1)NS(=O)(=O)C)O,ZBMZVLHSJCTVON-UHFFFAOYSA-N,ZBMZVLHSJCTVON
SPARFLOXACIN,C[C@@H]1CN(C[C@@H](N1)C)C2=C(C(=C3C(=C2F)N(C=C(C3=O)C(=O)O)C4CC4)N)F,DZZWHBIBMUVIIW-DTORHVGOSA-N,DZZWHBIBMUVIIW
SPARTEINE,C1CCN2C[C@@H]3C[C@H]([C@H]2C1)CN4[C@H]3CCCC4,SLRCCWJSBJZJBV-ZQDZILKHSA-N,SLRCCWJSBJZJBV
SPIRONOLACTONE,CC(=O)S[C@@H]1CC2=CC(=O)CC[C@@]2([C@@H]3[C@@H]1[C@@H]4CC[C@]5([C@]4(CC3)C)CCC(=O)O5)C,LXMSZDCAJNLERA-ZHYRCANASA-N,LXMSZDCAJNLERA
STANNOUS FLUORIDE,F[Sn]F,IUTCEZPPWBHGIX-UHFFFAOYSA-N,IUTCEZPPWBHGIX
STANOZOLOL,C[C@]12CC[C@H]3[C@H]([C@@H]1CC[C@]2(C)O)CC[C@@H]4[C@@]3(CC5=C(C4)NN=C5)C,LKAJKIOFIWVMDJ-IYRCEVNGSA-N,LKAJKIOFIWVMDJ
STAVUDINE,CC1=CN(C(=O)NC1=O)[C@H]2C=C[C@H](O2)CO,XNKLLVCARDGLGL-JGVFFNPUSA-N,XNKLLVCARDGLGL
STREPTOMYCIN,C[C@H]1[C@@]([C@H]([C@@H](O1)O[C@@H]2[C@H]([C@@H]([C@H]([C@@H]([C@H]2O)O)N=C(N)N)O)N=C(N)N)O[C@H]3[C@H]([C@@H]([C@H]([C@@H](O3)CO)O)O)NC)(C=O)O,UCSJYZPVAKXKNQ-HZYVHMACSA-N,UCSJYZPVAKXKNQ
STREPTOZOTOCIN,CN(C(=O)N[C@@H]1[C@H]([C@@H]([C@H](O[C@@H]1O)CO)O)O)N=O,ZSJLQEPLLKMAKR-GKHCUFPYSA-N,ZSJLQEPLLKMAKR
SULBACTAM,CC1([C@@H](N2[C@H](S1(=O)=O)CC2=O)C(=O)O)C,FKENQMMABCRJMK-RITPCOANSA-N,FKENQMMABCRJMK
SULCONAZOLE,C1=CC(=CC=C1CSC(CN2C=CN=C2)C3=C(C=C(C=C3)Cl)Cl)Cl,AFNXATANNDIXLG-UHFFFAOYSA-N,AFNXATANNDIXLG
SULFADIAZINE,C1=CN=C(N=C1)NS(=O)(=O)C2=CC=C(C=C2)N,SEEPANYCNGTZFQ-UHFFFAOYSA-N,SEEPANYCNGTZFQ
SULFADIMETHOXINE,COC1=NC(=NC(=C1)NS(=O)(=O)C2=CC=C(C=C2)N)OC,ZZORFUFYDOWNEF-UHFFFAOYSA-N,ZZORFUFYDOWNEF
SULFADOXINE,COC1=C(N=CN=C1OC)NS(=O)(=O)C2=CC=C(C=C2)N,PJSFRIWCGOHTNF-UHFFFAOYSA-N,PJSFRIWCGOHTNF
SULFAMETHOXAZOLE,CC1=CC(=NO1)NS(=O)(=O)C2=CC=C(C=C2)N,JLKIGFTWXXRPMT-UHFFFAOYSA-N,JLKIGFTWXXRPMT
SULFANILAMIDE,C1=CC(=CC=C1N)S(=O)(=O)N,FDDDEECHVMSUSB-UHFFFAOYSA-N,FDDDEECHVMSUSB
SULFAPHENAZOLE,C1=CC=C(C=C1)N2C(=CC=N2)NS(=O)(=O)C3=CC=C(C=C3)N,QWCJHSGMANYXCW-UHFFFAOYSA-N,QWCJHSGMANYXCW
SULFATHIAZOLE,C1=CC(=CC=C1N)S(=O)(=O)NC2=NC=CS2,JNMRHUJNCSQMMB-UHFFFAOYSA-N,JNMRHUJNCSQMMB
SULFINPYRAZONE,C1=CC=C(C=C1)N2C(=O)C(C(=O)N2C3=CC=CC=C3)CCS(=O)C4=CC=CC=C4,MBGGBVCUIVRRBF-UHFFFAOYSA-N,MBGGBVCUIVRRBF
SULFISOXAZOLE,CC1=C(ON=C1C)NS(=O)(=O)C2=CC=C(C=C2)N,NHUHCSRWZMLRLA-UHFFFAOYSA-N,NHUHCSRWZMLRLA
SULINDAC,CC\1=C(C2=C(/C1=C\C3=CC=C(C=C3)S(=O)C)C=CC(=C2)F)CC(=O)O,MLKXDPUZXIRXEP-MFOYZWKCSA-N,MLKXDPUZXIRXEP
SULPIRIDE,CCN1CCCC1CNC(=O)C2=C(C=CC(=C2)S(=O)(=O)N)OC,BGRJTUBHPOOWDU-UHFFFAOYSA-N,BGRJTUBHPOOWDU
SUMATRIPTAN,CNS(=O)(=O)CC1=CC2=C(C=C1)NC=C2CCN(C)C,KQKPFRSPSRPDEB-UHFFFAOYSA-N,KQKPFRSPSRPDEB
SUXAMETHONIUM CHLORIDE,C[N+](C)(C)CCOC(=O)CCC(=O)OCC[N+](C)(C)C.[Cl-].[Cl-],AXOIZCJOOAYSMI-UHFFFAOYSA-N,AXOIZCJOOAYSMI
TACRINE,C1CCC2=NC3=CC=CC=C3C(=C2C1)N,YLJREFDVOIBQDA-UHFFFAOYSA-N,YLJREFDVOIBQDA
TACROLIMUS,C[C@@H]1C[C@@H]([C@@H]2[C@H](C[C@H]([C@@](O2)(C(=O)C(=O)N3CCCC[C@H]3C(=O)O[C@@H]([C@@H]([C@H](CC(=O)[C@@H](/C=C(/C1)\C)CC=C)O)C)/C(=C/[C@@H]4CC[C@H]([C@@H](C4)OC)O)/C)O)C)OC)OC,QJJXYPPXXYFBGM-LFZNUXCKSA-N,QJJXYPPXXYFBGM
TAMOXIFEN,CC/C(=C(\C1=CC=CC=C1)/C2=CC=C(C=C2)OCCN(C)C)/C3=CC=CC=C3,NKANXQFJJICGDU-QPLCGJKRSA-N,NKANXQFJJICGDU
TAZOBACTAM,C[C@@]1([C@@H](N2[C@H](S1(=O)=O)CC2=O)C(=O)O)CN3C=CN=N3,LPQZKKCYTLCDGQ-WEDXCCLWSA-N,LPQZKKCYTLCDGQ
TEGAFUR,C1CC(OC1)N2C=C(C(=O)NC2=O)F,WFWLQNSHRPWKFK-UHFFFAOYSA-N,WFWLQNSHRPWKFK
TEICOPLANIN,CCCCCCCCCC(=O)N[C@@H]1[C@H]([C@@H]([C@H](O[C@H]1OC2=C3C=C4C=C2OC5=C(C=C(C=C5)[C@H]([C@H]6C(=O)N[C@@H](C7=C(C(=CC(=C7)O)OC8[C@H]([C@H]([C@@H]([C@H](O8)CO)O)O)O)C9=C(C=CC(=C9)[C@H](C(=O)N6)NC(=O)[C@@H]4NC(=O)[C@@H]1C2=CC(=CC(=C2)OC2=C(C=CC(=C2)[C@H](C(=O)N[C@H](CC2=CC(=C(O3)C=C2)Cl)C(=O)N1)N)O)O)O)C(=O)O)O[C@H]1[C@@H]([C@H]([C@@H]([C@H](O1)CO)O)O)NC(=O)C)Cl)CO)O)O,BJNLLBUOHPVGFT-CAYRISATSA-N,BJNLLBUOHPVGFT
TEMAFLOXACIN,CC1CN(CCN1)C2=C(C=C3C(=C2)N(C=C(C3=O)C(=O)O)C4=C(C=C(C=C4)F)F)F,QKDHBVNJCZBTMR-UHFFFAOYSA-N,QKDHBVNJCZBTMR
TENIDAP,C1=CSC(=C1)C(=O)C2=C(N(C3=C2C=C(C=C3)Cl)C(=O)N)O,IZSFDUMVCVVWKW-UHFFFAOYSA-N,IZSFDUMVCVVWKW
TERAZOSIN,COC1=C(C=C2C(=C1)C(=NC(=N2)N3CCN(CC3)C(=O)C4CCCO4)N)OC,VCKUSRYTPJJLNI-UHFFFAOYSA-N,VCKUSRYTPJJLNI
TERBINAFINE,CC(C)(C)C#C/C=C/CN(C)CC1=CC=CC2=CC=CC=C21,DOMXUEMWDBAQBQ-WEVVVXLNSA-N,DOMXUEMWDBAQBQ
TERBUTALINE,CC(C)(C)NCC(C1=CC(=CC(=C1)O)O)O,XWTYSIMOBUGWOL-UHFFFAOYSA-N,XWTYSIMOBUGWOL
TERFENADINE,CC(C)(C)C1=CC=C(C=C1)C(CCCN2CCC(CC2)C(C3=CC=CC=C3)(C4=CC=CC=C4)O)O,GUGOEEXESWIERI-UHFFFAOYSA-N,GUGOEEXESWIERI
TESTOSTERONE,C[C@]12CC[C@H]3[C@H]([C@@H]1CC[C@@H]2O)CCC4=CC(=O)CC[C@]34C,MUMGGOZAMZWBJJ-DYKIIFRCSA-N,MUMGGOZAMZWBJJ
TETRACAINE,CCCCNC1=CC=C(C=C1)C(=O)OCCN(C)C,GKCBAIGFKIBETG-UHFFFAOYSA-N,GKCBAIGFKIBETG
TETRACYCLINE,C[C@@]1([C@H]2C[C@H]3[C@@H](C(=O)C(=C([C@]3(C(=O)C2=C(C4=C1C=CC=C4O)O)O)O)C(=O)N)N(C)C)O,NWXMGUDVXFXRIG-WESIUVDSSA-N,NWXMGUDVXFXRIG
THALIDOMIDE,C1CC(=O)NC(=O)C1N2C(=O)C3=CC=CC=C3C2=O,UEJJHQNACJXSKW-UHFFFAOYSA-N,UEJJHQNACJXSKW
THEOPHYLLINE,CN1C2=C(C(=O)N(C1=O)C)NC=N2,ZFXYFBGIUFBOJW-UHFFFAOYSA-N,ZFXYFBGIUFBOJW
THIABENDAZOLE,C1=CC=C2C(=C1)NC(=N2)C3=CSC=N3,WJCNZQLZVWNLKY-UHFFFAOYSA-N,WJCNZQLZVWNLKY
THIAMPHENICOL,CS(=O)(=O)C1=CC=C(C=C1)[C@H]([C@@H](CO)NC(=O)C(Cl)Cl)O,OTVAEFIXJLOWRX-NXEZZACHSA-N,OTVAEFIXJLOWRX
THIMEROSAL,CC[Hg]SC1=CC=CC=C1C(=O)[O-].[Na+],HXQVQGWHFRNKMS-UHFFFAOYSA-M,HXQVQGWHFRNKMS
THIOACETAMIDE,CC(=S)N,YUKQRDCYNOVPGJ-UHFFFAOYSA-N,YUKQRDCYNOVPGJ
THIOGUANINE,C1=NC2=C(N1)C(=S)N=C(N2)N,WYWHKKSPHMUBEB-UHFFFAOYSA-N,WYWHKKSPHMUBEB
THIORIDAZINE,CN1CCCCC1CCN2C3=CC=CC=C3SC4=C2C=C(C=C4)SC,KLBQZWRITKRQQV-UHFFFAOYSA-N,KLBQZWRITKRQQV
TIAPRIDE,CCN(CC)CCNC(=O)C1=C(C=CC(=C1)S(=O)(=O)C)OC,JTVPZMFULRWINT-UHFFFAOYSA-N,JTVPZMFULRWINT
TICLOPIDINE,C1CN(CC2=C1SC=C2)CC3=CC=CC=C3Cl,PHWBOXQYWZNQIN-UHFFFAOYSA-N,PHWBOXQYWZNQIN
TICRYNAFEN,C1=CSC(=C1)C(=O)C2=C(C(=C(C=C2)OCC(=O)O)Cl)Cl,AGHANLSBXUWXTB-UHFFFAOYSA-N,AGHANLSBXUWXTB
TIMOLOL,CC(C)(C)NC[C@@H](COC1=NSN=C1N2CCOCC2)O,BLJRIMJGRPQVNF-JTQLQIEISA-N,BLJRIMJGRPQVNF
TINIDAZOLE,CCS(=O)(=O)CCN1C(=NC=C1[N+](=O)[O-])C,HJLSLZFTEKNLFI-UHFFFAOYSA-N,HJLSLZFTEKNLFI
"TNF-ALPHA, RAT",,,
TOBRAMYCIN,C1[C@@H]([C@H]([C@@H]([C@H]([C@@H]1N)O[C@@H]2[C@@H]([C@H]([C@@H]([C@H](O2)CO)O)N)O)O)O[C@@H]3[C@@H](C[C@@H]([C@H](O3)CN)O)N)N,NLVFBUXFDBBNBW-PBSUHMDJSA-N,NLVFBUXFDBBNBW
TOCAINIDE,CC1=C(C(=CC=C1)C)NC(=O)C(C)N,BUJAGSGYPOAWEI-UHFFFAOYSA-N,BUJAGSGYPOAWEI
TOLAZAMIDE,CC1=CC=C(C=C1)S(=O)(=O)NC(=O)NN2CCCCCC2,OUDSBRTVNLOZBN-UHFFFAOYSA-N,OUDSBRTVNLOZBN
TORSEMIDE,CC1=CC(=CC=C1)NC2=C(C=NC=C2)S(=O)(=O)NC(=O)NC(C)C,NGBFQHCMQULJNZ-UHFFFAOYSA-N,NGBFQHCMQULJNZ
TOSUFLOXACIN,C1CN(CC1N)C2=C(C=C3C(=O)C(=CN(C3=N2)C4=C(C=C(C=C4)F)F)C(=O)O)F,WUWFMDMBOJLQIV-UHFFFAOYSA-N,WUWFMDMBOJLQIV
TRAMADOL,CN(C)C[C@H]1CCCC[C@@]1(C2=CC(=CC=C2)OC)O,TVYLLZQTGLZFBW-ZBFHGGJFSA-N,TVYLLZQTGLZFBW
TRANEXAMIC ACID,C1CC(CCC1CN)C(=O)O,GYDJEQRTZSCIOI-UHFFFAOYSA-N,GYDJEQRTZSCIOI
TRANILAST,COC1=C(C=C(C=C1)/C=C/C(=O)NC2=CC=CC=C2C(=O)O)OC,NZHGWWWHIYHZNX-CSKARUKUSA-N,NZHGWWWHIYHZNX
TRANS-PLATINUM(II)DIAMMINE DICHLORIDE,N.N.Cl[Pt]Cl,QGZKDVFQNNGYKY-UHFFFAOYSA-N,QGZKDVFQNNGYKY
TRETINOIN,CC1=C(C(CCC1)(C)C)/C=C/C(=C/C=C/C(=C/C(=O)O)/C)/C,SHGAZHPCJJPHSC-YCNIQYBTSA-N,SHGAZHPCJJPHSC
TRIACETIN,CC(=O)OCC(COC(=O)C)OC(=O)C,URAYPUMNDPQOKB-UHFFFAOYSA-N,URAYPUMNDPQOKB
TRIAMTERENE,C1=CC=C(C=C1)C2=NC3=C(N=C(N=C3N=C2N)N)N,FNYLWPVRPXGIIP-UHFFFAOYSA-N,FNYLWPVRPXGIIP
TRICHLOROACETIC ACID,C(=O)(C(Cl)(Cl)Cl)O,YNJBWRMUSHSURL-UHFFFAOYSA-N,YNJBWRMUSHSURL
TRICHLOROETHANE,CC(Cl)(Cl)Cl,UOCLXMDMGBRAIB-UHFFFAOYSA-N,UOCLXMDMGBRAIB
TRICHLOROETHYLENE,C(=C(Cl)Cl)Cl,XSTXAVWGXDQKEL-UHFFFAOYSA-N,XSTXAVWGXDQKEL
TRIHEXYPHENIDYL,C1CCC(CC1)C(CCN2CCCCC2)(C3=CC=CC=C3)O,HWHLPVGTWGOCJO-UHFFFAOYSA-N,HWHLPVGTWGOCJO
TRIMETHADIONE,CC1(C(=O)N(C(=O)O1)C)C,IRYJRGCIQBGHIV-UHFFFAOYSA-N,IRYJRGCIQBGHIV
TROGLITAZONE,CC1=C(C2=C(CCC(O2)(C)COC3=CC=C(C=C3)CC4C(=O)NC(=O)S4)C(=C1O)C)C,GXPHKUHSUJUWKP-UHFFFAOYSA-N,GXPHKUHSUJUWKP
TROPISETRON,CN1[C@@H]2CC[C@H]1CC(C2)OC(=O)C3=CNC4=CC=CC=C43,ZNRGQMMCGHDTEI-FUNVUKJBSA-N,ZNRGQMMCGHDTEI
TROVAFLOXACIN,C1[C@@H]2[C@@H](C2N)CN1C3=C(C=C4C(=O)C(=CN(C4=N3)C5=C(C=C(C=C5)F)F)C(=O)O)F,WVPSKSLAZQPAKQ-SOSAQKQKSA-N,WVPSKSLAZQPAKQ
TROXIPIDE,COC1=CC(=CC(=C1OC)OC)C(=O)NC2CCCNC2,YSIITVVESCNIPR-UHFFFAOYSA-N,YSIITVVESCNIPR
UBENIMEX,CC(C)C[C@@H](C(=O)O)NC(=O)[C@H]([C@@H](CC1=CC=CC=C1)N)O,VGGGPCQERPFHOB-RDBSUJKOSA-N,VGGGPCQERPFHOB
URETHANE,CCOC(=O)N,JOYRKODLDBILNP-UHFFFAOYSA-N,JOYRKODLDBILNP
VALACYCLOVIR,CC(C)[C@@H](C(=O)OCCOCN1C=NC2=C1N=C(NC2=O)N)N,HDOVUKNUBWVHOX-QMMMGPOBSA-N,HDOVUKNUBWVHOX
VALDECOXIB,CC1=C(C(=NO1)C2=CC=CC=C2)C3=CC=C(C=C3)S(=O)(=O)N,LNPDTQAFDNKSHK-UHFFFAOYSA-N,LNPDTQAFDNKSHK
VALPROIC ACID,CCCC(CCC)C(=O)O,NIJJYAXOARWZEE-UHFFFAOYSA-N,NIJJYAXOARWZEE
VALSARTAN,CCCCC(=O)N(CC1=CC=C(C=C1)C2=CC=CC=C2C3=NNN=N3)[C@@H](C(C)C)C(=O)O,ACWBQPMHZXGDFX-QFIPXVFZSA-N,ACWBQPMHZXGDFX
VANCOMYCIN,C[C@H]1[C@H]([C@@](C[C@@H](O1)O[C@@H]2[C@H]([C@@H]([C@H](O[C@H]2OC3=C4C=C5C=C3OC6=C(C=C(C=C6)[C@H]([C@H](C(=O)N[C@H](C(=O)N[C@H]5C(=O)N[C@@H]7C8=CC(=C(C=C8)O)C9=C(C=C(C=C9O)O)[C@H](NC(=O)[C@H]([C@@H](C1=CC(=C(O4)C=C1)Cl)O)NC7=O)C(=O)O)CC(=O)N)NC(=O)[C@@H](CC(C)C)NC)O)Cl)CO)O)O)(C)N)O,MYPYJXKWCTUITO-LYRMYLQWSA-N,MYPYJXKWCTUITO
VECURONIUM BROMIDE,CC(=O)O[C@H]1C[C@@H]2CC[C@@H]3[C@@H]([C@]2(C[C@@H]1N4CCCCC4)C)CC[C@]5([C@H]3C[C@@H]([C@@H]5OC(=O)C)[N+]6(CCCCC6)C)C.[Br-],BGSZAXLLHYERSY-XQIGCQGXSA-N,BGSZAXLLHYERSY
VENLAFAXINE,CN(C)CC(C1=CC=C(C=C1)OC)C2(CCCCC2)O,PNVNVHUZROJLTJ-UHFFFAOYSA-N,PNVNVHUZROJLTJ
VERAPAMIL,CC(C)C(CCCN(C)CCC1=CC(=C(C=C1)OC)OC)(C#N)C2=CC(=C(C=C2)OC)OC,SGTNSNPWRIOYBX-UHFFFAOYSA-N,SGTNSNPWRIOYBX
VINBLASTINE,CC[C@@]1(C[C@H]2C[C@@](C3=C(CCN(C2)C1)C4=CC=CC=C4N3)(C5=C(C=C6C(=C5)[C@]78CCN9[C@H]7[C@@](C=CC9)([C@H]([C@@]([C@@H]8N6C)(C(=O)OC)O)OC(=O)C)CC)OC)C(=O)OC)O,JXLYSJRDGCGARV-CFWMRBGOSA-N,JXLYSJRDGCGARV
VINCRISTINE,CC[C@@]1(C[C@@H]2C[C@@](C3=C(CCN(C2)C1)C4=CC=CC=C4N3)(C5=C(C=C6C(=C5)[C@]78CCN9[C@H]7[C@@](C=CC9)([C@H]([C@@]([C@@H]8N6C=O)(C(=O)OC)O)OC(=O)C)CC)OC)C(=O)OC)O,OGWKCGZFUXNPDA-XQKSVPLYSA-N,OGWKCGZFUXNPDA
VINORELBINE,CCC1=C[C@H]2C[C@@](C3=C(CN(C2)C1)C4=CC=CC=C4N3)(C5=C(C=C6C(=C5)[C@]78CCN9[C@H]7[C@@](C=CC9)([C@H]([C@@]([C@@H]8N6C)(C(=O)OC)O)OC(=O)C)CC)OC)C(=O)OC,GBABOYUKABKIAF-IELIFDKJSA-N,GBABOYUKABKIAF
WARFARIN,CC(=O)CC(C1=CC=CC=C1)C2=C(C3=CC=CC=C3OC2=O)O,PJVWKTKQMONHTI-UHFFFAOYSA-N,PJVWKTKQMONHTI
ZALEPLON,CCN(C1=CC=CC(=C1)C2=CC=NC3=C(C=NN23)C#N)C(=O)C,HUNXMJYCHXQEGX-UHFFFAOYSA-N,HUNXMJYCHXQEGX
ZIDOVUDINE,CC1=CN(C(=O)NC1=O)[C@H]2C[C@@H]([C@H](O2)CO)N=[N+]=[N-],HBOMLICNUCNMMY-XLPZGREQSA-N,HBOMLICNUCNMMY
ZILEUTON,CC(C1=CC2=CC=CC=C2S1)N(C(=O)N)O,MWLSOWXNZPKENC-UHFFFAOYSA-N,MWLSOWXNZPKENC
ZIRCONIUM(IV) CHLORIDE,,,
ZOMEPIRAC,CC1=C(N(C(=C1)CC(=O)O)C)C(=O)C2=CC=C(C=C2)Cl,ZXVNMYWKKDOREA-UHFFFAOYSA-N,ZXVNMYWKKDOREA
ZOPICLONE,CN1CCN(CC1)C(=O)OC2C3=NC=CN=C3C(=O)N2C4=NC=C(C=C4)Cl,GBBSUAFBMRNDJC-UHFFFAOYSA-N,GBBSUAFBMRNDJC
